Diff[0],Diff[1],Diff[2],Diff[3],Diff[4],Diff[5],Diff[6],Diff[7],Diff[8],Diff[9],,Stdev,,,,,,,,,
321.558,320.083,319.617,319.433,319.217,319.45,319.6,319.783,320.033,320.4,,Diff[0],Diff[1],Diff[2],Diff[3],Diff[4],Diff[5],Diff[6],Diff[7],Diff[8],Diff[9]
321.6,320.367,319.65,319.467,319.467,319.533,319.667,319.85,320.117,320.467,,3.827195419,4.23893969,4.33376272,4.403286634,4.416281143,4.427928071,4.445243509,4.450952044,4.464770343,4.474430752
321.808,320.167,319.6,319.45,319.433,319.45,319.6,319.817,320.067,320.267,,,,,,,,,,,
321.683,320.433,319.667,319.483,319.35,319.4,319.533,319.717,319.967,320.283,,,,,,,,,,,
321.933,320.525,319.75,319.45,319.433,319.483,319.633,319.75,320.067,320.383,,,,,,,,,,,
322.1,320.367,319.817,319.6,319.55,319.633,319.783,319.983,320.233,320.567,,,,,,,,,,,
321.267,320.383,319.917,319.617,319.567,319.633,319.933,319.9,320.233,320.55,,,,,,,,,,,
321.183,319.883,319.3,319.3,319.217,319.283,319.483,319.65,319.917,320.25,,,,,,,,,,,
321.183,319.767,319.25,319.017,318.95,319.067,319.217,319.4,319.667,319.95,,,,,,,,,,,
321.225,320.017,319.35,319,318.983,319.083,319.217,319.233,319.667,319.983,,,,,,,,,,,
321.225,319.95,319.35,319.183,319.183,319.25,319.367,319.567,319.85,320.167,,,,,,,,,,,
321.267,320.167,319.483,319.3,319.217,319.367,319.483,319.742,319.517,320.3,,,,,,,,,,,
321.433,319.883,319.517,319.333,319.367,319.467,319.617,319.85,320.117,320.467,,,,,,,,,,,
321.975,320.317,319.892,319.617,319.633,319.733,319.867,320.083,320.333,320.667,,,,,,,,,,,
321.267,320.15,319.8,319.583,319.633,319.7,319.85,320.083,320.35,320.7,,,,,,,,,,,
321.392,320,319.6,319.467,319.383,319.558,319.617,319.833,320.183,320.558,,,,,,,,,,,
321.308,319.95,319.4,319.067,319.167,319.267,319.433,319.617,319.883,320.217,,,,,,,,,,,
320.475,319.717,319.3,319,319.05,319.117,319.283,319.5,319.733,320.083,,,,,,,,,,,
320.767,319.6,319.117,318.817,318.85,319,319.133,318.642,319.6,319.933,,,,,,,,,,,
320.517,319.517,318.783,318.667,318.633,318.783,318.95,319.15,319.467,319.783,,,,,,,,,,,
320.225,319.15,318.667,318.583,318.55,318.683,318.942,319.15,319.333,319.65,,,,,,,,,,,
320.267,319.183,318.7,318.533,318.5,318.617,318.817,318.983,319.267,319.6,,,,,,,,,,,
298.767,296.283,295.15,294.733,294.567,295.525,294.717,294.817,295.017,295.317,,,,,,,,,,,
320.725,319.2,318.883,318.75,318.75,318.817,318.983,319.2,319.45,319.767,,,,,,,,,,,
321.433,319.533,319.033,318.767,318.767,318.883,319.05,319.2,319.483,319.833,,,,,,,,,,,
321.308,319.467,318.967,318.817,318.8,318.933,318.508,319.217,319.517,319.817,,,,,,,,,,,
320.975,319.8,319.267,319.067,319,319.133,319.267,319.367,319.65,319.983,,,,,,,,,,,
320.558,319.808,319.25,319.083,319.1,319.233,319.342,319.55,319.733,320.15,,,,,,,,,,,
320.975,319.633,319.217,319.033,319.067,319.167,319.3,319.517,319.717,320.067,,,,,,,,,,,
320.642,319.55,319.083,318.85,318.942,318.983,319.133,319.317,319.567,319.917,,,,,,,,,,,
320.892,319.433,318.967,318.817,318.783,318.85,319.033,319.217,319.5,319.817,,,,,,,,,,,
320.558,319.4,318.867,318.767,318.733,318.817,318.983,319.167,319.467,319.9,,,,,,,,,,,
320.6,319.517,319.083,318.883,318.342,318.917,319.1,319.3,319.583,319.95,,,,,,,,,,,
320.933,319.733,319.233,319.1,319.05,319.15,319.292,319.483,319.75,320.1,,,,,,,,,,,
300.642,296.6,295.767,295.167,295.067,295.05,295.117,295.3,295.517,295.8,,,,,,,,,,,
321.017,319.6,319.217,319.05,319.017,319.117,319.267,319.45,319.733,320.083,,,,,,,,,,,
320.808,319.833,319.217,319.1,319.15,319.167,319.3,319.483,319.767,320.117,,,,,,,,,,,
321.433,319.783,319.35,319.15,319.15,319.25,319.383,319.567,319.883,320.233,,,,,,,,,,,
321.1,319.75,319.317,319.183,319.1,319.233,319.367,319.567,319.817,320.275,,,,,,,,,,,
321.017,319.9,319.067,319.133,318.542,319.133,319.367,319.55,319.833,320.15,,,,,,,,,,,
321.6,319.95,319.483,319.3,319.267,319.3,319.45,319.683,319.967,320.267,,,,,,,,,,,
321.142,320.05,319.65,319.417,319.4,319.467,319.617,319.817,320.1,320.433,,,,,,,,,,,
321.767,320.217,319.633,319.433,319.417,319.483,319.617,319.817,320.067,320.417,,,,,,,,,,,
321.183,319.9,319.567,319.333,319.3,319.283,319.483,319.7,319.933,320.3,,,,,,,,,,,
320.808,319.817,319.25,319.133,319.167,319.217,319.4,319.583,319.867,320.183,,,,,,,,,,,
321.017,319.7,319.217,319.017,319.017,319.117,319.25,319.567,319.733,320.1,,,,,,,,,,,
320.975,319.75,318.95,318.733,318.833,319,319.1,319.3,319.583,319.917,,,,,,,,,,,
320.85,319.783,319.217,318.983,318.983,319.133,319.25,319.433,319.733,320.05,,,,,,,,,,,
321.308,320.2,319.417,319.217,319.183,319.283,319.467,319.617,319.767,320.25,,,,,,,,,,,
321.475,319.95,319.567,319.3,319.317,319.417,319.583,319.783,320.05,320.367,,,,,,,,,,,
321.392,320.233,319.65,319.433,319.417,319.533,319.617,319.767,320.017,320.367,,,,,,,,,,,
321.892,320.417,319.7,319.483,319.383,319.45,319.633,319.783,320.017,320.367,,,,,,,,,,,
321.892,320.383,319.783,319.517,319.483,319.467,319.692,319.783,320.033,320.35,,,,,,,,,,,
321.6,320.15,319.567,319.433,319.35,319.433,319.533,319.7,320.017,320.333,,,,,,,,,,,
321.1,319.883,319.417,319.233,319.25,319.317,319.483,319.7,319.95,320.3,,,,,,,,,,,
320.683,319.867,319.3,319.15,319.183,319.317,318.875,319.6,319.9,320.2,,,,,,,,,,,
320.85,319.8,319.25,319.033,319.05,319.117,319.283,319.417,319.65,320.017,,,,,,,,,,,
320.808,319.567,319.017,318.867,318.8,318.9,319.117,319.25,319.5,319.883,,,,,,,,,,,
321.058,319.767,319.083,318.9,318.933,318.917,319.083,319.267,319.533,319.883,,,,,,,,,,,
320.975,319.5,318.9,318.783,318.983,318.933,319.033,319.217,319.517,319.867,,,,,,,,,,,
321.6,320.05,319.167,319.033,319,319.117,319.267,319.45,319.75,320.033,,,,,,,,,,,
321.392,320.05,319.567,319.35,319.383,319.433,319.55,319.767,320.033,320.483,,,,,,,,,,,
321.392,320.367,319.9,319.55,319.483,319.483,319.733,319.917,320.217,320.5,,,,,,,,,,,
321.975,320.65,320,319.767,319.65,319.717,319.883,320,320.283,320.583,,,,,,,,,,,
321.975,320.583,319.9,319.667,319.55,319.617,319.783,319.883,320.183,320.533,,,,,,,,,,,
321.808,320.383,319.833,319.583,319.567,319.633,319.75,319.917,320.217,320.483,,,,,,,,,,,
321.308,320.183,319.725,319.483,319.433,319.517,319.683,319.867,320.117,320.467,,,,,,,,,,,
321.6,320.317,319.717,319.5,319.45,319.45,319.633,319.817,320.05,320.4,,,,,,,,,,,
320.85,319.85,319.333,319.15,319.2,319.233,319.367,319.617,319.975,320.2,,,,,,,,,,,
320.683,319.583,319.1,318.75,318.983,319.067,319.15,319.383,319.667,320,,,,,,,,,,,
320.6,319.517,318.933,318.8,318.783,318.9,319.05,319.167,319.517,320.133,,,,,,,,,,,
320.308,319.217,318.8,318.6,318.617,318.717,318.917,319.117,319.4,319.633,,,,,,,,,,,
320.267,319.167,318.8,318.55,318.583,318.717,318.883,319.117,319.367,319.717,,,,,,,,,,,
320.433,319.392,318.817,318.667,318.667,318.717,318.883,319.1,319.392,319.717,,,,,,,,,,,
299.683,296.6,295.467,294.95,294.8,294.783,294.9,295.033,295.25,295.533,,,,,,,,,,,
320.767,319.583,318.933,318.8,318.85,318.9,319.1,319.442,319.533,319.9,,,,,,,,,,,
320.475,319.167,318.325,318.717,318.8,318.85,319.017,319.25,319.517,319.883,,,,,,,,,,,
320.558,319.35,318.867,318.85,318.75,318.867,319,319.183,319.5,319.867,,,,,,,,,,,
320.475,319.417,318.967,318.817,318.817,319,319.133,319.333,319.467,319.95,,,,,,,,,,,
299.808,296.733,295.517,295.033,294.933,294.9,294.983,295.183,295.4,295.667,,,,,,,,,,,
320.85,319.767,319.1,318.95,318.883,319,319.2,319.4,319.667,320.033,,,,,,,,,,,
320.433,319.6,319.133,319,318.967,319.117,319.267,319.45,319.75,320.083,,,,,,,,,,,
320.642,319.683,318.917,318.917,318.917,319.017,319.308,319.4,319.667,320.017,,,,,,,,,,,
321.017,319.717,319.017,318.817,318.933,319,319.133,319.367,319.617,319.95,,,,,,,,,,,
320.85,319.6,319,318.833,318.817,318.883,319.017,319.25,319.517,319.85,,,,,,,,,,,
320.642,319.567,319.017,318.8,318.733,318.933,319.083,319.233,319.383,319.85,,,,,,,,,,,
320.892,319.567,318.983,318.8,318.767,318.85,319.017,319.133,319.45,319.8,,,,,,,,,,,
320.975,319.5,318.95,318.8,318.8,318.9,319.033,319.183,319.483,319.783,,,,,,,,,,,
320.975,319.583,319.083,318.85,318.783,318.967,319.017,319.217,319.5,319.817,,,,,,,,,,,
320.767,319.45,319.033,318.75,318.733,318.85,318.9,319.1,319.367,319.7,,,,,,,,,,,
321.058,319.85,319.183,318.967,318.95,318.933,319.067,319.25,319.5,319.817,,,,,,,,,,,
320.767,319.883,319.2,319,318.95,319.067,319.133,319.317,319.6,319.933,,,,,,,,,,,
321.017,319.783,319.133,318.967,318.967,319.067,319.05,319.383,319.65,319.967,,,,,,,,,,,
321.225,319.633,319.067,318.917,318.817,318.9,319.033,319.25,319.5,319.833,,,,,,,,,,,
321.1,319.717,319.017,318.833,318.783,318.917,319.033,319.2,319.483,319.833,,,,,,,,,,,
321.558,319.883,319.183,318.983,318.967,319.067,319.217,319.417,319.7,320,,,,,,,,,,,
321.183,319.783,319.367,319.35,319.167,319.233,319.433,319.617,319.9,320.25,,,,,,,,,,,
321.225,319.867,319.317,319.183,319.167,319.267,319.417,319.6,319.9,320.233,,,,,,,,,,,
321.1,319.8,319.35,319.233,319.133,319.233,319.433,319.617,319.975,320.217,,,,,,,,,,,
321.017,319.833,319.35,318.725,319.217,319.3,319.483,319.667,319.95,320.3,,,,,,,,,,,
320.933,319.767,319.35,319.167,319.233,319.3,319.467,319.667,319.967,320.3,,,,,,,,,,,
299.517,296.867,295.85,295.383,295.217,295.167,295.367,295.533,295.717,295.85,,,,,,,,,,,
300.475,296.8,295.717,295.35,295.267,295.267,295.383,295.583,295.767,296.05,,,,,,,,,,,
321.1,320.05,319.6,319.433,319.383,319.483,319.683,319.883,320.2,320.517,,,,,,,,,,,
320.933,319.967,319.433,319.283,319.317,319.4,319.5,319.733,320.033,320.367,,,,,,,,,,,
320.933,319.883,319.383,319.217,319.217,319.3,319.483,319.683,320.058,320.3,,,,,,,,,,,
321.267,319.9,319.4,319.05,319.183,319.25,319.433,319.633,319.9,320.233,,,,,,,,,,,
321.35,319.633,319.417,319.217,319.217,319.333,319.5,319.667,319.95,320.3,,,,,,,,,,,
320.85,319.967,319.383,319.267,319.217,319.383,319.533,319.733,319.85,320.35,,,,,,,,,,,
320.808,319.717,319.25,319.017,319.1,319.183,319.333,319.583,319.85,320.183,,,,,,,,,,,
321.225,320.017,319.417,319.233,319.183,319.25,319.433,319.6,319.883,320.15,,,,,,,,,,,
320.975,319.783,319.45,319.183,319.217,319.183,319.333,319.583,319.85,320.167,,,,,,,,,,,
321.025,319.9,319.267,319.1,319.142,319.133,319.283,319.467,319.733,320.083,,,,,,,,,,,
321.35,319.917,319.45,319.15,319.1,319.25,319.35,319.517,319.8,320.117,,,,,,,,,,,
299.892,296.933,295.817,295.3,295.083,295.017,295.117,295.283,295.45,295.75,,,,,,,,,,,
321.392,319.85,319.417,319.217,319.083,319.2,318.842,319.567,319.833,320.167,,,,,,,,,,,
321.35,320.133,319.517,319.317,319.3,319.317,319.467,319.65,319.9,320.25,,,,,,,,,,,
321.308,319.933,319.4,319.167,319.117,319.167,319.35,319.55,319.783,320.15,,,,,,,,,,,
321.308,319.717,319.275,318.983,318.95,319.067,319.25,319.4,319.683,320.017,,,,,,,,,,,
321.183,319.767,319.15,318.933,319.017,319.033,319.167,319.3,319.567,319.933,,,,,,,,,,,
321.183,319.817,319.3,319.067,319.05,319.1,319.3,319.483,319.767,320.1,,,,,,,,,,,
321.017,320.033,319.25,319.267,319.183,319.3,319.483,319.683,319.983,320.3,,,,,,,,,,,
321.308,319.933,319.583,319.383,319.333,319.25,319.6,319.783,320.067,320.367,,,,,,,,,,,
320.767,320.008,319.567,319.367,319.333,319.433,319.6,319.8,320.05,320.367,,,,,,,,,,,
321.475,320.35,319.683,319.5,319.467,319.517,319.7,319.817,320.15,320.483,,,,,,,,,,,
321.183,320.217,319.7,319.483,319.35,319.517,319.7,319.867,320.183,320.483,,,,,,,,,,,
321.433,320.25,319.683,319.775,319.6,319.683,319.85,320.033,320.3,320.65,,,,,,,,,,,
321.558,320.3,319.917,319.733,319.717,319.767,319.883,320.133,320.383,320.733,,,,,,,,,,,
321.475,320.5,319.967,319.8,319.783,319.9,320.067,320.233,320.642,320.833,,,,,,,,,,,
321.892,320.667,320.217,319.258,319.85,319.95,320.05,320.25,320.533,320.833,,,,,,,,,,,
321.725,320.533,320,319.683,319.617,319.683,319.9,320,320.233,320.55,,,,,,,,,,,
321.767,320.4,319.667,319.467,319.417,319.4,319.633,319.85,320.133,320.292,,,,,,,,,,,
320.85,319.817,319.183,318.967,318.983,319.067,319.233,319.417,319.717,320.017,,,,,,,,,,,
320.35,319.383,318.933,318.583,318.6,318.733,318.867,319.067,319.383,319.683,,,,,,,,,,,
320.683,319.3,318.883,318.65,318.65,318.767,318.95,319.133,319.433,319.8,,,,,,,,,,,
320.975,319.583,319.067,318.9,318.833,318.917,319.225,319.233,319.55,319.9,,,,,,,,,,,
321.267,319.142,319.15,319,318.967,319.067,319.233,319.392,319.7,320.033,,,,,,,,,,,
321.475,319.65,319.25,318.967,319,319.117,319.217,319.433,319.733,320.033,,,,,,,,,,,
320.892,319.683,319.183,318.917,318.917,319.017,319.208,319.25,319.683,320.05,,,,,,,,,,,
320.808,319.867,319.2,319.017,319.033,319.1,319.267,319.5,319.767,320.1,,,,,,,,,,,
321.35,319.85,319.35,319.183,319.167,319.283,319.433,319.667,319.9,320.167,,,,,,,,,,,
320.6,319.55,319.15,318.933,319.017,319.15,319.333,319.517,319.833,320.167,,,,,,,,,,,
320.767,319.5,319.1,318.95,319,319.233,319.233,319.483,319.75,320.083,,,,,,,,,,,
321.308,319.917,319.117,319.05,319.067,319.117,319.267,319.45,319.733,320.083,,,,,,,,,,,
320.683,319.6,319.033,318.917,318.917,318.95,319.133,319.3,319.583,319.933,,,,,,,,,,,
321.225,319.5,319.267,319.067,319.05,318.658,319.333,319.533,319.817,320.133,,,,,,,,,,,
321.475,320.033,319.383,319.2,319.2,319.267,319.4,319.633,319.85,320.2,,,,,,,,,,,
320.975,319.95,319.267,319.05,319.067,319.2,319.317,319.533,319.8,320.15,,,,,,,,,,,
321.35,319.783,319.2,318.883,318.783,318.917,319.083,319.267,319.517,319.833,,,,,,,,,,,
321.017,319.783,320.475,319.017,318.983,319.033,319.15,319.383,319.617,319.95,,,,,,,,,,,
321.058,319.8,319.317,319.133,319.117,319.233,319.367,319.533,319.733,320.117,,,,,,,,,,,
320.975,319.7,319.333,319.3,319.167,319.283,319.45,319.633,319.983,320.25,,,,,,,,,,,
321.225,320.133,318.158,319.283,319.233,319.3,319.483,319.633,319.933,320.25,,,,,,,,,,,
320.892,319.733,319.217,319.05,319.017,319.117,319.267,319.45,319.75,320.067,,,,,,,,,,,
320.808,319.65,319.117,318.9,318.833,318.983,319.167,319.35,319.533,319.967,,,,,,,,,,,
320.475,319.383,318.783,318.633,318.583,318.717,318.883,319.083,319.35,319.633,,,,,,,,,,,
320.642,319.117,318.633,318.517,318.533,318.567,318.667,318.95,319.167,319.583,,,,,,,,,,,
320.475,319.35,318.733,318.583,318.617,318.667,318.9,319.05,319.333,319.7,,,,,,,,,,,
320.517,319.233,318.8,318.65,318.858,318.717,318.883,319.083,319.367,319.733,,,,,,,,,,,
320.392,319.1,318.692,318.567,318.55,318.633,318.8,319.067,319.317,319.667,,,,,,,,,,,
320.517,319.5,319.067,318.783,318.833,318.917,319.05,319.267,319.55,319.85,,,,,,,,,,,
320.808,319.767,319.317,319.15,318.95,318.658,319.333,319.517,319.8,320.167,,,,,,,,,,,
321.308,320.1,319.6,319.483,319.383,319.5,319.617,319.8,320.1,320.4,,,,,,,,,,,
321.225,320.067,319.567,319.35,319.283,319.4,319.533,319.683,320,320.333,,,,,,,,,,,
321.225,320.05,319.383,319.25,319.2,319.267,319.333,319.567,319.85,320.183,,,,,,,,,,,
320.6,319.617,319.083,319.058,318.983,319.067,319.217,319.417,319.683,320.05,,,,,,,,,,,
320.142,319.383,318.983,318.833,318.8,318.9,319.1,319.283,319.567,319.917,,,,,,,,,,,
320.683,319.383,318.917,318.75,318.767,318.933,319.05,319.267,319.683,319.917,,,,,,,,,,,
299.808,296.667,295.667,294.658,295.017,294.983,295.05,295.183,295.417,295.683,,,,,,,,,,,
320.808,319.6,319.15,319,318.967,319.067,319.25,319.433,319.733,320.067,,,,,,,,,,,
320.85,319.967,319.25,319.033,319,319.133,319.25,319.467,319.733,320.05,,,,,,,,,,,
320.183,319.6,319.2,318.917,318.917,319.033,319.167,319.4,319.65,319.983,,,,,,,,,,,
320.808,319.533,319.233,318.967,318.917,319.017,319.133,319.3,319.567,319.925,,,,,,,,,,,
320.767,319.5,319.05,318.9,318.883,318.95,319.083,319.317,319.567,319.9,,,,,,,,,,,
320.642,319.583,318.833,318.733,318.683,318.85,319.033,320.85,319.467,319.8,,,,,,,,,,,
320.683,319.467,317.742,318.85,318.85,318.933,319.083,319.3,319.617,319.95,,,,,,,,,,,
320.558,319.5,319.033,318.883,318.783,318.867,319.083,319.283,319.583,319.9,,,,,,,,,,,
320.85,319.8,319,318.858,318.883,318.983,319.15,318.825,319.633,319.967,,,,,,,,,,,
321.475,320.058,319.467,319.233,319.167,319.267,319.433,319.583,319.883,320.2,,,,,,,,,,,
321.517,320.15,319.517,319.35,319.333,319.417,319.6,319.733,319.983,320.333,,,,,,,,,,,
321.142,320.167,319.6,319.45,319.417,319.517,319.683,319.85,320.15,320.433,,,,,,,,,,,
321.642,320.283,319.833,319.533,319.517,319.55,319.683,319.883,320.1,320.467,,,,,,,,,,,
321.35,320.1,319.633,319.483,319.433,319.5,319.667,319.867,320.15,320.467,,,,,,,,,,,
321.058,320,319.5,319.333,319.317,319.383,319.517,319.733,319.967,320.3,,,,,,,,,,,
321.392,319.933,319.383,319.25,319.25,319.008,319.417,319.617,319.933,320.25,,,,,,,,,,,
321.142,319.867,319.25,319.067,319.033,319.133,319.267,319.467,319.717,320.05,,,,,,,,,,,
321.35,319.833,319.283,319.133,319.083,319.217,319.333,319.45,319.8,320.117,,,,,,,,,,,
320.892,319.667,319.167,319,319.017,319.15,319.283,319.467,319.767,320.117,,,,,,,,,,,
320.975,319.717,319.25,319.225,319.033,319.15,319.367,319.567,319.833,320.167,,,,,,,,,,,
321.017,319.883,319.117,319.067,319.083,319.183,319.35,319.533,319.8,320.167,,,,,,,,,,,
320.725,319.717,319.267,319.133,319.067,319.2,319.367,319.533,319.942,320.167,,,,,,,,,,,
301.6,297.017,295.733,293.342,294.983,294.95,295.05,295.15,295.333,295.617,,,,,,,,,,,
320.475,319.067,318.717,318.483,318.533,318.583,318.733,318.9,319.217,319.533,,,,,,,,,,,
320.392,319.05,318.567,318.433,318.4,318.45,318.583,318.85,319.117,319.45,,,,,,,,,,,
320.475,319.25,318.783,318.617,318.65,318.7,318.867,319.083,319.367,319.717,,,,,,,,,,,
320.183,319.117,318.933,318.717,318.633,318.683,318.95,319.133,319.383,319.75,,,,,,,,,,,
320.558,319.433,318.95,318.65,318.717,318.85,319.017,319.217,319.517,319.85,,,,,,,,,,,
321.017,319.317,318.917,318.717,318.733,318.833,318.983,319.308,319.467,319.833,,,,,,,,,,,
320.767,319.633,318.358,318.817,318.9,319,319.133,319.383,319.65,320,,,,,,,,,,,
320.808,319.667,319.167,319,319.017,319.067,319.283,319.433,319.75,320.067,,,,,,,,,,,
321.308,319.933,319.267,319.067,318.967,319.117,319.267,319.45,319.6,320.067,,,,,,,,,,,
321.142,319.65,319.15,318.933,318.983,319.033,319.217,319.417,319.7,320.033,,,,,,,,,,,
320.767,319.717,319.217,319.017,319.033,319.15,319.283,319.5,319.767,320.1,,,,,,,,,,,
320.85,319.767,319.167,319.067,319.083,319.167,319.367,319.5,319.783,320.133,,,,,,,,,,,
320.808,319.6,319.15,318.95,318.95,319.083,319.317,319.417,319.717,320.033,,,,,,,,,,,
300.6,295.383,295.983,295.433,295.267,295.2,295.217,295.383,295.567,295.833,,,,,,,,,,,
320.808,319.517,319.017,318.85,318.867,318.95,319.15,319.333,319.533,319.967,,,,,,,,,,,
299.392,296.483,295.217,294.817,294.667,294.75,294.933,295.1,295.133,295.6,,,,,,,,,,,
320.35,319.3,318.85,318.733,318.717,318.833,319.05,319.283,319.567,319.917,,,,,,,,,,,
320.6,319.367,318.983,318.8,318.733,318.85,319.033,319.217,319.5,319.85,,,,,,,,,,,
320.642,319.45,318.933,318.8,318.75,318.9,319.067,319.2,319.433,319.817,,,,,,,,,,,
320.808,319.6,319.1,318.85,318.85,318.867,319.192,319.233,319.517,319.867,,,,,,,,,,,
300.725,296.067,295.683,295.2,294.933,294.917,294.983,295.133,295.333,295.617,,,,,,,,,,,
320.392,319.5,318.883,318.75,318.817,318.967,319.1,319.283,319.567,319.933,,,,,,,,,,,
320.808,319.583,319.033,318.9,318.8,318.933,319.133,319.35,319.108,319.983,,,,,,,,,,,
320.808,319.717,319.1,318.85,318.917,319.067,319.217,319.417,319.717,320.033,,,,,,,,,,,
321.183,319.717,319.3,318.917,319,319.15,319.283,319.483,319.75,319.742,,,,,,,,,,,
321.308,319.967,319.383,319.183,319.1,319.217,319.35,319.517,319.817,320.15,,,,,,,,,,,
320.725,319.683,319.25,319.1,319.083,319.183,319.433,319.533,319.8,320.133,,,,,,,,,,,
320.767,319.767,319.217,319.083,319.033,319.133,319.267,319.483,319.733,320.1,,,,,,,,,,,
321.017,319.783,319.15,318.967,318.9,319.05,319.167,319.333,319.633,319.95,,,,,,,,,,,
320.933,319.65,319.017,318.983,318.85,318.95,318.983,319.333,319.6,319.933,,,,,,,,,,,
320.392,319.467,318.967,318.733,318.75,318.867,319.05,319.183,319.467,319.817,,,,,,,,,,,
320.725,319.583,319.083,318.85,318.85,318.933,319.083,319.217,319.567,319.933,,,,,,,,,,,
320.892,319.733,319.1,318.95,318.883,319.017,319.167,319.367,319.65,320,,,,,,,,,,,
320.767,319.617,319.117,319.025,318.9,318.967,319.15,319.333,319.633,319.95,,,,,,,,,,,
321.1,319.65,319.133,318.917,318.883,318.95,319.1,319.283,319.583,319.917,,,,,,,,,,,
320.892,319.283,318.933,318.767,318.767,318.9,319.033,319.25,319.533,319.975,,,,,,,,,,,
320.1,319.183,318.75,318.633,318.5,318.717,318.967,319.133,319.433,319.767,,,,,,,,,,,
320.642,319.367,318.783,318.617,318.567,318.7,318.85,319.067,319.333,319.65,,,,,,,,,,,
320.392,319.233,318.8,318.567,318.567,318.65,318.833,319.017,319.3,319.108,,,,,,,,,,,
320.475,319.267,318.783,318.533,318.567,318.733,318.833,319.017,319.333,319.65,,,,,,,,,,,
320.225,319.392,318.633,318.5,318.5,318.617,318.767,318.95,319.267,319.583,,,,,,,,,,,
320.35,319.25,318.683,318.55,318.583,318.65,318.75,318.933,319.283,319.6,,,,,,,,,,,
321.017,319.55,319.083,318.833,318.8,318.917,319.067,319.317,319.517,319.867,,,,,,,,,,,
320.892,319.533,318.575,318.983,318.933,319.067,319.183,319.4,319.667,320,,,,,,,,,,,
320.808,319.617,319.15,318.983,318.95,319.017,319.167,319.4,319.667,320,,,,,,,,,,,
321.142,319.8,319.233,319.05,318.95,319.117,319.283,319.517,319.633,320.15,,,,,,,,,,,
320.933,319.733,319.3,319.15,319.15,319.217,319.4,319.583,319.85,320.217,,,,,,,,,,,
320.892,319.85,319.383,319.283,319.233,319.333,319.517,319.667,319.967,320.25,,,,,,,,,,,
321.183,320.15,319.417,319.367,319.333,319.45,319.667,319.8,320.1,320.4,,,,,,,,,,,
321.517,320.25,319.8,319.633,319.533,319.683,319.783,319.917,320.133,320.517,,,,,,,,,,,
321.267,320.35,319.817,319.633,319.633,319.65,319.817,320,320.267,320.583,,,,,,,,,,,
321.433,320.367,319.75,319.567,319.5,319.583,319.733,319.9,320.167,320.467,,,,,,,,,,,
321.433,320.167,319.467,319.3,319.367,319.433,319.108,319.8,320.067,320.383,,,,,,,,,,,
321.225,320.083,319.483,319.333,319.317,319.417,319.533,319.75,320.017,320.367,,,,,,,,,,,
321.517,320.35,319.717,319.517,319.45,319.467,319.667,319.8,320.017,320.4,,,,,,,,,,,
321.308,320.017,319.433,319.2,319.167,319.267,319.367,319.567,319.85,320.167,,,,,,,,,,,
321.35,319.933,319.317,319.133,320.183,319.217,319.333,319.517,319.85,320.133,,,,,,,,,,,
321.017,319.817,319.267,319,319,319.083,319.233,319.433,319.733,320.05,,,,,,,,,,,
320.892,319.45,319.05,318.683,318.8,318.9,319.067,319.3,319.567,320.942,,,,,,,,,,,
321.392,319.517,319.017,318.833,318.75,318.308,319,319.233,319.483,319.833,,,,,,,,,,,
320.558,319.417,318.867,318.633,318.667,318.75,318.933,319.117,319.417,319.75,,,,,,,,,,,
320.975,319.55,319,318.8,318.783,318.9,319.05,319.167,319.533,319.85,,,,,,,,,,,
320.6,319.483,319.083,318.883,318.9,319.017,319.15,319.333,319.633,319.95,,,,,,,,,,,
321.1,319.967,319.183,319.042,319,319.067,319.25,319.433,319.7,320.067,,,,,,,,,,,
321.225,320.183,319.483,319.1,319.133,319.2,319.333,319.533,319.8,320.133,,,,,,,,,,,
321.642,319.583,319.317,319,319.033,319.133,319.283,319.467,319.858,320.067,,,,,,,,,,,
320.6,319.633,319.05,318.733,318.883,319.033,319.183,319.35,319.65,319.967,,,,,,,,,,,
320.475,319.283,318.617,318.55,318.6,318.633,318.85,319.033,319.317,319.667,,,,,,,,,,,
320.267,319.083,318.65,318.483,318.5,318.617,318.817,319.033,319.183,319.667,,,,,,,,,,,
320.142,319.35,318.767,318.633,318.633,318.75,318.9,319.1,319.383,319.717,,,,,,,,,,,
320.808,319.483,319.15,318.85,318.75,318.883,319.067,319.25,319.533,319.842,,,,,,,,,,,
320.725,319.3,318.933,318.75,318.7,318.833,319,319.183,319.517,319.817,,,,,,,,,,,
320.517,319.35,318.758,318.533,318.533,318.633,318.85,318.933,319.233,319.6,,,,,,,,,,,
320.392,319.133,318.617,318.45,318.45,318.467,318.7,318.817,319.033,319.417,,,,,,,,,,,
320.517,319.25,318.783,318.617,318.533,318.617,318.8,318.983,319.267,319.583,,,,,,,,,,,
320.808,319.217,318.833,318.583,318.617,318.683,318.325,319.05,319.35,319.683,,,,,,,,,,,
320.183,319.183,318.667,318.55,318.533,318.683,318.85,319.033,319.35,319.667,,,,,,,,,,,
320.85,319.383,318.817,318.683,318.733,318.8,318.983,319.15,319.467,319.833,,,,,,,,,,,
321.142,319.617,319.15,319.033,318.983,319.083,319.25,319.45,319.717,320.033,,,,,,,,,,,
320.892,319.9,319.417,319.483,319.3,319.417,319.567,319.783,320.033,320.367,,,,,,,,,,,
321.225,319.867,319.433,319.25,319.267,319.333,319.5,319.658,319.967,320.317,,,,,,,,,,,
321.267,319.967,319.35,319.117,319.067,319.133,319.317,319.5,319.9,320.117,,,,,,,,,,,
320.933,319.8,319.383,317.508,319.1,319.167,319.283,319.533,319.783,320.1,,,,,,,,,,,
320.558,319.45,318.9,318.7,318.75,318.867,319.033,319.233,319.517,319.85,,,,,,,,,,,
320.725,319.4,318.933,318.733,318.75,318.783,319.033,319.233,319.517,319.733,,,,,,,,,,,
320.642,319.417,318.95,318.767,318.817,318.933,319.05,319.25,319.517,319.867,,,,,,,,,,,
321.308,319.9,319.2,319.017,318.967,319.05,319.183,319.367,319.667,320,,,,,,,,,,,
320.767,319.55,319.083,318.85,318.817,318.95,319.117,319.3,319.55,319.833,,,,,,,,,,,
320.85,319.4,319,318.783,318.833,318.95,319.05,319.358,319.533,319.867,,,,,,,,,,,
320.725,319.533,318.883,318.967,318.95,319.033,319.167,319.333,319.633,320,,,,,,,,,,,
301.267,296.683,295.533,295.067,294.933,294.917,295.017,295.2,295.383,295.7,,,,,,,,,,,
320.225,319.4,318.967,318.85,318.933,319.083,319.217,319.383,319.175,320.067,,,,,,,,,,,
300.517,296.7,295.517,295.133,294.933,294.983,295.083,295.233,295.467,295.7,,,,,,,,,,,
320.975,319.892,319.1,318.917,318.933,319.017,319.183,319.383,319.633,319.967,,,,,,,,,,,
320.975,319.567,319.05,318.9,318.9,318.967,319.1,319.3,319.583,319.933,,,,,,,,,,,
321.267,319.667,319.233,319.017,319,319.133,320.6,319.4,319.7,320,,,,,,,,,,,
321.517,319.733,318.708,319,319.017,319.083,319.167,319.4,319.633,320,,,,,,,,,,,
320.808,319.75,318.917,318.667,318.658,318.733,318.9,319.1,319.35,319.7,,,,,,,,,,,
320.1,319.217,318.633,318.483,318.433,318.55,318.733,318.917,319.05,319.55,,,,,,,,,,,
320.142,319.1,318.567,318.4,318.467,318.55,318.717,318.933,319.217,319.567,,,,,,,,,,,
320.558,319.5,318.917,318.7,318.717,318.85,318.95,319.083,319.4,319.667,,,,,,,,,,,
320.933,319.583,319.067,318.833,318.85,318.9,319.1,319.283,319.55,319.9,,,,,,,,,,,
320.933,319.717,319.2,319.017,319.083,319.267,319.3,319.45,319.733,320.083,,,,,,,,,,,
320.933,319.717,319.367,319.2,319.183,319.333,319.433,319.633,319.933,320.267,,,,,,,,,,,
320.892,320,319.383,319.267,319.3,319.417,319.542,319.75,320.033,320.367,,,,,,,,,,,
321.142,319.867,319.108,319.367,319.333,319.4,319.058,319.783,320.017,320.383,,,,,,,,,,,
321.808,320.25,319.733,319.467,319.433,319.517,319.65,319.883,320.133,320.467,,,,,,,,,,,
321.475,320.383,319.783,319.4,319.533,319.583,319.717,319.85,320.167,320.483,,,,,,,,,,,
321.433,320.083,319.65,319.417,319.383,319.483,319.617,319.817,320.067,320.417,,,,,,,,,,,
321.433,319.85,319.467,319.392,319.267,319.283,319.467,319.65,319.95,320.3,,,,,,,,,,,
321.183,319.817,319.333,319.117,319.1,319.217,319.383,319.55,319.867,320.167,,,,,,,,,,,
320.85,319.567,319.067,319.017,319.117,319.067,319.233,319.45,319.867,320.067,,,,,,,,,,,
321.1,319.683,319.117,319,318.508,319.15,319.3,319.533,319.8,320.15,,,,,,,,,,,
320.975,319.7,319.217,319.15,319.133,319.233,319.433,319.633,319.933,320.283,,,,,,,,,,,
321.017,319.8,319.367,319.233,319.167,319.167,319.45,319.683,319.95,319.758,,,,,,,,,,,
321.017,319.8,319.267,319.133,319.15,319.25,319.383,319.617,319.917,320.217,,,,,,,,,,,
321.475,320.108,319.433,319.2,319.217,319.3,319.45,319.683,319.9,320.25,,,,,,,,,,,
321.142,319.817,319.417,319.2,319.183,319.3,319.467,319.667,319.95,320.283,,,,,,,,,,,
320.933,319.6,319.35,319.217,319.267,319.367,321.183,319.75,320.017,320.367,,,,,,,,,,,
320.475,319.7,318.675,319.05,319.05,319.167,319.333,319.533,319.817,320.167,,,,,,,,,,,
320.6,319.483,318.9,318.942,318.85,318.967,319.133,319.317,319.6,319.95,,,,,,,,,,,
320.85,319.65,319.183,318.983,318.917,319.083,319.25,319.433,319.55,320.067,,,,,,,,,,,
320.642,319.583,319.167,319.05,319.017,319.15,319.25,319.45,319.717,320.05,,,,,,,,,,,
321.183,320.267,319.433,319.2,319.133,319.2,319.317,319.5,319.783,320.083,,,,,,,,,,,
321.433,320.35,319.55,319.367,319.267,319.4,319.533,319.717,320,320.35,,,,,,,,,,,
321.392,320.3,319.717,319.55,319.5,319.6,319.808,319.867,320.183,320.5,,,,,,,,,,,
321.642,319.842,319.733,319.55,319.617,319.633,319.75,319.967,320.233,320.583,,,,,,,,,,,
321.308,319.95,319.483,319.3,319.2,319.267,319.483,319.7,319.967,320.3,,,,,,,,,,,
321.058,319.617,319.1,318.867,318.933,319.05,319.217,319.267,319.717,320.033,,,,,,,,,,,
320.775,319.65,319.167,319,319.033,319.117,319.3,319.483,319.767,320.1,,,,,,,,,,,
320.767,319.633,319.217,318.983,319.017,319.1,319.267,319.467,319.767,320.067,,,,,,,,,,,
320.683,319.483,319.133,318.917,318.867,319.017,319.2,319.417,319.7,320.05,,,,,,,,,,,
320.725,319.55,319.117,318.967,318.933,319.15,319.233,319.45,319.683,320.05,,,,,,,,,,,
300.308,297.033,295.733,295.3,295.1,295.05,295.15,295.333,295.5,295.783,,,,,,,,,,,
321.017,319.733,319.233,319,319.017,319.117,319.25,319.467,319.733,320.067,,,,,,,,,,,
320.683,319.9,319.233,318.967,319.05,319.15,319.333,319.333,319.817,320.133,,,,,,,,,,,
320.892,319.75,319.3,319.017,319.017,319.142,319.3,319.5,319.783,320.117,,,,,,,,,,,
321.308,320.117,319.083,319.05,319.017,319.133,319.317,319.483,319.767,320.083,,,,,,,,,,,
320.642,319.583,319.167,318.967,318.967,319.067,319.25,319.467,319.717,320.033,,,,,,,,,,,
320.392,319.5,318.75,318.7,318.65,318.9,318.95,319.15,319.45,319.783,,,,,,,,,,,
320.433,319.3,318.867,318.7,318.6,318.733,318.967,319.1,319.4,319.7,,,,,,,,,,,
320.433,319.35,318.833,318.667,318.733,318.767,318.95,319.133,319.417,319.783,,,,,,,,,,,
320.725,319.467,318.867,318.783,318.783,318.833,318.608,319.133,319.433,319.8,,,,,,,,,,,
320.6,319.383,318.817,318.55,318.5,318.617,318.833,318.983,319.3,319.617,,,,,,,,,,,
320.6,319.2,318.75,318.55,318.583,318.667,318.817,318.967,319.317,319.683,,,,,,,,,,,
320.433,319.15,318.633,318.467,318.417,318.55,318.733,318.9,319.2,319.55,,,,,,,,,,,
320.183,318.9,318.383,318.317,318.317,318.45,318.617,318.817,319.117,319.5,,,,,,,,,,,
320.183,319.2,318.7,318.467,318.467,318.583,318.767,318.95,319.217,319.567,,,,,,,,,,,
320.808,319.567,318.9,318.733,318.75,318.833,318.95,319.167,319.417,319.85,,,,,,,,,,,
320.6,319.483,318.933,318.767,318.192,318.867,319,319.183,319.483,319.8,,,,,,,,,,,
320.892,319.683,319.15,318.767,318.717,318.817,318.983,319.167,319.483,319.783,,,,,,,,,,,
321.017,319.6,319.067,318.8,318.85,318.85,319.033,319.167,319.483,319.308,,,,,,,,,,,
320.975,319.683,319.167,318.917,318.95,319.017,319.183,319.367,319.667,320,,,,,,,,,,,
321.475,320.167,319.642,319.333,319.283,319.333,319.5,319.667,319.933,320.267,,,,,,,,,,,
321.142,319.933,319.4,319.317,319.367,319.383,319.467,319.7,320.017,320.317,,,,,,,,,,,
320.808,319.833,319.383,319.3,319.183,319.3,319.45,319.775,319.95,320.317,,,,,,,,,,,
321.183,319.717,318.858,319.233,319.217,319.3,319.5,319.7,319.967,320.317,,,,,,,,,,,
320.933,319.95,319.417,319.25,319.2,319.283,319.45,319.667,320.117,320.267,,,,,,,,,,,
321.267,319.983,319.45,319.233,319.167,319.283,319.467,319.617,319.75,320.267,,,,,,,,,,,
321.35,320.05,319.55,319.317,319.333,319.4,319.567,319.767,320.05,320.333,,,,,,,,,,,
300.142,297.4,296.067,295.633,295.483,295.483,295.567,295.733,295.933,296.167,,,,,,,,,,,
321.308,320.15,319.617,319.433,319.5,319.433,319.633,319.833,320.15,320.467,,,,,,,,,,,
321.225,319.983,319.5,319.317,319.3,319.417,319.65,319.733,320,320.333,,,,,,,,,,,
320.767,319.258,319.25,319.167,319.1,319.2,319.35,319.583,319.867,320.183,,,,,,,,,,,
320.933,319.833,319.2,319.067,318.933,319.083,319.2,319.35,319.667,319.983,,,,,,,,,,,
320.683,319.533,319.117,318.833,318.917,319.017,317.367,319.383,319.667,320.033,,,,,,,,,,,
320.975,319.683,319.083,318.917,318.933,319.017,319.183,319.383,319.667,320.017,,,,,,,,,,,
320.767,319.7,319.2,318.983,318.967,319.067,319.25,319.417,319.65,320.05,,,,,,,,,,,
321.058,319.7,319.2,319.017,318.983,319.133,319.217,319.417,319.7,320.033,,,,,,,,,,,
320.725,319.933,319.35,319.233,319.083,319.267,319.35,319.533,319.833,320.15,,,,,,,,,,,
320.933,319.75,319.3,319.167,319.117,319.183,319.383,319.567,319.817,320.2,,,,,,,,,,,
320.892,319.833,319.033,319,318.983,319.05,319.25,319.433,319.7,320.033,,,,,,,,,,,
320.892,319.583,319.133,318.95,318.967,318.867,319.183,319.333,319.633,319.983,,,,,,,,,,,
320.85,319.6,319.183,318.9,318.817,319,319.15,319.35,319.633,319.95,,,,,,,,,,,
321.35,319.85,319.4,319.067,319.083,319.117,319.25,319.483,319.733,320.1,,,,,,,,,,,
320.892,319.867,319.4,319.267,319.267,319.317,319.4,319.65,319.95,320.283,,,,,,,,,,,
321.517,320.317,319.85,319.517,319.45,319.533,319.7,319.867,320.167,320.5,,,,,,,,,,,
321.433,320.167,319.733,319.533,319.533,319.567,319.75,319.967,320.233,320.567,,,,,,,,,,,
321.725,320.283,319.65,319.517,319.5,319.533,319.683,319.933,320.133,320.45,,,,,,,,,,,
321.1,319.85,318.925,319.35,319.233,319.35,319.483,319.717,319.95,320.267,,,,,,,,,,,
320.642,319.683,319.25,319.067,319.033,319.167,319.333,319.483,319.717,320.1,,,,,,,,,,,
320.392,319.35,319.017,318.733,318.667,318.85,319,319.183,319.35,319.817,,,,,,,,,,,
320.433,318.933,318.733,318.6,318.583,318.65,318.85,319.033,319.367,319.683,,,,,,,,,,,
320.392,319.433,319.017,318.75,318.767,318.867,319.017,319.25,319.55,319.8,,,,,,,,,,,
321.267,319.85,319.267,319.05,319.017,319.067,319.233,319.433,319.7,320.05,,,,,,,,,,,
320.85,319.833,319.317,319.15,319.1,319.175,319.475,319.55,319.833,320.167,,,,,,,,,,,
321.225,319.767,319.467,319.267,319.283,319.317,319.467,319.633,319.883,320.267,,,,,,,,,,,
320.767,319.967,319.467,319.283,319.3,319.417,319.583,319.783,320.05,320.383,,,,,,,,,,,
321.058,320.017,319.567,319.483,319.4,319.5,319.55,319.9,320.217,320.517,,,,,,,,,,,
321.433,320.15,319.683,319.533,319.467,319.55,319.717,319.9,320.167,320.517,,,,,,,,,,,
321.058,320,319.483,319.35,319.3,319.367,319.517,319.75,319.9,320.317,,,,,,,,,,,
320.892,319.717,319.217,319.1,319.05,319.217,319.35,319.567,319.867,320.183,,,,,,,,,,,
320.725,319.517,319.183,319,319.1,319.15,319.317,319.533,319.8,320.167,,,,,,,,,,,
320.475,319.567,319.1,318.9,318.933,319.033,319.183,319.383,319.65,319.983,,,,,,,,,,,
320.725,319.55,318.967,318.8,318.717,318.85,319.05,319.233,319.533,319.983,,,,,,,,,,,
320.558,319.333,318.933,318.733,318.7,318.667,319.017,319.15,319.433,319.817,,,,,,,,,,,
320.433,319.55,318.567,318.683,318.617,318.683,318.85,319.083,319.333,319.667,,,,,,,,,,,
321.058,319.383,318.9,318.7,318.7,318.8,318.867,319.133,319.433,319.225,,,,,,,,,,,
320.85,319.65,319.033,318.783,318.75,318.867,319.017,319.2,319.483,319.783,,,,,,,,,,,
320.683,319.725,319.033,318.833,318.833,318.9,319.05,319.25,319.517,319.85,,,,,,,,,,,
320.933,319.75,319.15,318.95,318.95,319.067,319.183,319.383,319.683,319.983,,,,,,,,,,,
321.058,319.85,319.233,319,319,319.117,319.4,319.467,319.733,320.067,,,,,,,,,,,
321.058,318.233,319.583,319.383,319.317,319.4,319.55,319.717,320.033,320.317,,,,,,,,,,,
320.933,319.95,319.55,319.217,319.267,319.342,319.533,319.7,319.983,320.333,,,,,,,,,,,
320.975,319.9,319.367,319.25,319.217,319.35,319.008,319.717,320.017,320.35,,,,,,,,,,,
320.475,319.75,319.3,319.133,319.167,319.217,319.4,319.6,319.883,320.25,,,,,,,,,,,
321.1,319.85,319.333,319.217,319.233,319.267,319.367,319.633,319.883,320.25,,,,,,,,,,,
321.017,319.717,319.317,319.183,319.142,319.233,319.417,319.6,319.883,320.217,,,,,,,,,,,
320.892,319.517,319.117,318.95,319.1,319.067,319.217,319.467,319.7,320.05,,,,,,,,,,,
320.808,319.717,319.083,318.933,318.933,319.067,319.217,319.4,319.7,320.017,,,,,,,,,,,
320.892,319.717,319.25,319.083,319.083,319.15,319.333,319.533,319.817,320.15,,,,,,,,,,,
320.892,319.8,319.283,319.117,319.133,319.267,319.25,319.633,319.917,320.25,,,,,,,,,,,
320.725,319.617,319.1,319,319.033,319.133,319.3,319.517,319.8,320.167,,,,,,,,,,,
320.558,319.533,318.983,318.817,318.833,318.967,319.15,319.283,319.65,319.95,,,,,,,,,,,
320.808,319.183,318.833,318.65,318.717,318.817,318.983,319.183,319.483,319.817,,,,,,,,,,,
320.35,319.183,318.783,318.725,318.633,318.75,318.95,319.117,319.467,319.767,,,,,,,,,,,
320.558,319.367,318.883,318.7,318.7,318.817,318.967,319.117,319.45,319.783,,,,,,,,,,,
320.433,319.233,318.7,318.567,318.55,318.617,318.767,319,319.4,319.617,,,,,,,,,,,
320.433,319.367,318.75,318.075,318.567,318.65,318.833,319,319.267,319.617,,,,,,,,,,,
320.392,319.217,318.783,318.433,318.35,318.5,318.683,318.9,319.2,319.567,,,,,,,,,,,
320.267,319.1,318.533,318.35,318.4,318.467,318.65,318.867,319.15,319.35,,,,,,,,,,,
320.642,319.367,318.717,318.517,318.483,318.6,318.767,318.917,319.233,319.55,,,,,,,,,,,
320.517,319.517,318.8,318.567,318.567,318.7,318.833,319.017,319.317,319.65,,,,,,,,,,,
320.475,319.45,318.767,318.633,318.617,318.767,318.917,319.1,319.433,319.767,,,,,,,,,,,
320.725,319.667,319.2,318.833,318.833,318.967,319.083,319.4,319.567,319.883,,,,,,,,,,,
321.225,319.633,319.117,319.05,318.883,319.067,319.2,319.383,319.683,319.983,,,,,,,,,,,
321.392,319.667,319.233,319.017,318.95,319.017,319.167,319.333,319.617,319.95,,,,,,,,,,,
320.767,319.617,319.133,318.833,318.917,318.983,319.183,319.267,319.617,319.933,,,,,,,,,,,
320.517,319.433,319.033,318.783,318.783,318.917,319.1,319.283,319.55,319.9,,,,,,,,,,,
320.725,319.383,318.867,318.717,318.7,318.883,318.983,319.217,319.467,319.833,,,,,,,,,,,
321.058,319.767,319.083,318.85,318.833,318.967,319.1,319.25,319.483,319.833,,,,,,,,,,,
320.767,319.5,319.033,318.833,318.892,318.883,319.033,319.217,319.517,319.833,,,,,,,,,,,
320.475,319.45,318.9,318.733,318.683,318.783,318.967,319.133,319.4,319.683,,,,,,,,,,,
321.267,319.483,319,318.667,318.683,318.783,318.9,319.125,319.417,319.817,,,,,,,,,,,
321.017,319.367,318.833,318.158,318.667,318.733,318.867,319.1,319.35,319.683,,,,,,,,,,,
320.475,319.367,318.817,318.617,318.583,318.667,318.867,319.067,319.35,319.683,,,,,,,,,,,
320.683,319.367,318.9,318.633,318.667,318.733,318.917,319.117,319.4,319.583,,,,,,,,,,,
320.267,319.25,318.85,318.667,318.683,318.833,319.017,319.217,319.483,319.783,,,,,,,,,,,
320.975,319.517,318.967,318.867,318.883,318.983,319.183,319.4,319.667,320.033,,,,,,,,,,,
320.475,319.533,319.167,318.867,318.933,319.05,319.217,319.433,319.75,320.1,,,,,,,,,,,
320.892,319.817,319.267,319.125,319.133,319.2,319.475,319.6,319.883,320.217,,,,,,,,,,,
321.1,319.583,319.267,319.1,319.183,319.183,319.3,319.55,319.842,320.2,,,,,,,,,,,
320.892,319.883,319.317,319.133,319.1,319.2,319.383,319.583,319.867,320.2,,,,,,,,,,,
320.767,319.65,319.15,319.067,319.033,319.167,318.842,319.533,319.817,320.15,,,,,,,,,,,
321.1,319.85,319.217,319.017,319.05,319.15,319.3,319.517,319.783,320.117,,,,,,,,,,,
320.933,319.767,319.317,319.067,319.05,319.167,319.3,319.433,319.7,320.1,,,,,,,,,,,
320.808,319.7,319.133,319.033,318.95,319,319.15,319.35,319.65,319.917,,,,,,,,,,,
320.892,319.6,318.983,318.85,318.817,318.975,319.017,319.233,319.5,319.85,,,,,,,,,,,
321.1,319.833,319.033,318.925,318.9,318.9,319.083,319.25,319.5,319.867,,,,,,,,,,,
320.808,319.433,318.983,318.8,318.767,318.85,318.983,319.233,319.483,319.85,,,,,,,,,,,
320.808,319.35,319.067,318.717,318.817,318.733,319.033,319.25,319.5,319.833,,,,,,,,,,,
320.933,319.733,319.167,318.983,318.967,319.017,319.167,319.383,319.633,319.983,,,,,,,,,,,
321.183,319.883,319.267,319.067,319.067,319.15,319.217,319.45,319.767,320.083,,,,,,,,,,,
320.975,319.65,319.2,319.05,319.133,319.117,319.283,319.5,319.767,320.1,,,,,,,,,,,
321.058,319.733,319.317,318.983,319.067,319.083,319.15,319.383,319.65,320.017,,,,,,,,,,,
320.975,319.617,318.95,318.733,318.717,318.817,318.967,319.133,319.4,319.733,,,,,,,,,,,
320.683,319.433,318.95,318.717,318.65,318.767,318.883,319.192,319.4,319.7,,,,,,,,,,,
320.6,319.567,317.808,318.783,318.717,318.8,318.983,319.15,319.433,319.75,,,,,,,,,,,
320.475,319.3,318.9,318.667,318.583,318.75,318.933,319.15,319.417,319.767,,,,,,,,,,,
320.433,319.35,318.833,318.65,318.7,318.767,318.967,319.15,318.908,319.733,,,,,,,,,,,
320.433,319.15,318.867,318.617,318.65,318.733,318.933,319.1,319.4,319.75,,,,,,,,,,,
320.392,319.233,318.8,318.633,318.667,318.783,318.917,319.1,319.35,319.7,,,,,,,,,,,
320.6,319.2,318.7,318.5,318.483,318.567,318.733,318.95,319.217,319.55,,,,,,,,,,,
320.433,319.483,318.933,318.7,318.667,318.733,319.017,319.1,319.383,319.75,,,,,,,,,,,
320.683,319.333,319.033,318.817,318.817,318.917,319.083,319.3,319.583,319.917,,,,,,,,,,,
320.767,319.767,318.883,318.917,318.917,319.017,319.283,319.4,319.717,320.067,,,,,,,,,,,
321.058,320.017,319.333,319.2,319.183,319.133,318.842,319.567,319.833,320.167,,,,,,,,,,,
321.308,320.067,319.55,319.333,319.333,319.417,319.55,319.75,320.033,320.35,,,,,,,,,,,
321.142,320,319.45,319.4,319.317,319.383,319.617,319.767,320.067,320.417,,,,,,,,,,,
321.433,320.133,319.317,319.167,319.133,319.283,319.433,319.667,319.933,320.25,,,,,,,,,,,
321.142,320,319.333,319.133,319.192,319.167,319.333,319.517,319.8,320.15,,,,,,,,,,,
321.267,319.95,319.483,319.35,319.308,319.383,319.533,319.767,320,320.35,,,,,,,,,,,
321.308,319.95,319.55,319.4,319.417,319.483,319.667,319.883,320.133,320.608,,,,,,,,,,,
321.225,320.083,319.533,319.417,318.892,319.517,319.683,319.85,320.15,320.45,,,,,,,,,,,
320.892,319.9,319.433,319.217,319.217,319.333,319.467,319.65,319.967,320.283,,,,,,,,,,,
320.433,319.667,319.217,319.1,319.15,319.217,319.383,319.65,319.933,318.417,,,,,,,,,,,
320.683,319.733,319.217,319.083,319.15,319.25,319.367,319.55,319.85,320.2,,,,,,,,,,,
320.6,319.6,319.233,318.95,318.9,319.067,319.233,319.417,319.717,320.05,,,,,,,,,,,
320.642,319.483,319.017,318.8,318.8,318.917,319.1,319.3,319.6,319.917,,,,,,,,,,,
300.225,296.65,295.45,294.967,294.883,294.9,295,295.133,295.333,295.725,,,,,,,,,,,
320.392,319.333,318.833,318.7,318.6,318.833,319.033,319.25,319.533,319.883,,,,,,,,,,,
320.308,318.967,318.517,318.4,318.333,318.417,318.65,318.883,319.15,319.5,,,,,,,,,,,
320.392,319.133,318.517,318.283,318.317,318.3,318.55,318.717,319,319.167,,,,,,,,,,,
320.392,318.983,318.45,318.283,318.317,318.45,318.617,318.8,319.1,319.433,,,,,,,,,,,
320.808,319.442,318.883,318.733,318.8,318.867,319.017,319.25,319.517,319.883,,,,,,,,,,,
320.475,319.65,319.15,318.983,318.967,319.033,319.183,319.417,319.667,320.017,,,,,,,,,,,
321.308,319.983,319.267,319.033,319.05,319.1,320.4,319.417,319.717,320.017,,,,,,,,,,,
321.6,320.017,319.317,319.283,319.283,319.35,319.483,319.617,319.867,320.233,,,,,,,,,,,
321.392,320.117,319.55,319.3,319.25,319.25,319.417,319.6,319.867,320.183,,,,,,,,,,,
321.308,320.05,319.467,319.267,319.15,319.333,319.45,319.633,319.767,320.233,,,,,,,,,,,
321.558,320.1,319.517,319.35,319.2,319.3,319.45,319.6,319.917,320.2,,,,,,,,,,,
321.267,320.2,319.633,319.35,319.283,319.35,319.5,319.667,319.917,320.217,,,,,,,,,,,
321.267,320.217,319.617,319.383,319.383,319.433,319.6,319.783,320.033,320.383,,,,,,,,,,,
321.308,320.167,319.567,319.4,319.417,319.642,319.633,319.85,320.1,320.45,,,,,,,,,,,
320.767,319.95,319.433,319.283,319.267,319.317,319.467,319.65,319.933,320.25,,,,,,,,,,,
320.892,319.85,319.267,319.15,319.083,319.183,319.35,319.55,319.833,320.15,,,,,,,,,,,
320.85,319.85,319.267,319.133,319.15,319.2,319.183,319.583,319.85,320.167,,,,,,,,,,,
320.808,319.517,319.05,319.017,318.967,319.083,319.217,319.45,319.7,320.05,,,,,,,,,,,
320.892,319.633,319.133,318.983,318.917,319.033,319.2,319.383,319.6,320,,,,,,,,,,,
321.058,319.617,319.15,318.9,318.75,318.917,319.083,319.283,319.55,319.883,,,,,,,,,,,
320.767,319.783,319.117,319.017,319.108,319.083,319.217,319.417,319.7,320.017,,,,,,,,,,,
321.142,319.85,319.317,319.167,319.133,319.233,319.383,319.55,319.8,320.167,,,,,,,,,,,
321.308,319.967,319.367,319.267,319.267,319.35,319.45,319.65,319.933,320.358,,,,,,,,,,,
321.267,319.85,319.467,319.3,319.35,319.317,319.633,319.85,320.117,320.45,,,,,,,,,,,
321.308,320.217,319.683,319.55,319.5,319.567,319.767,319.933,320.233,320.55,,,,,,,,,,,
321.1,320.033,319.55,319.45,319.433,319.5,319.683,319.9,320.15,320.45,,,,,,,,,,,
321.517,320.2,319.633,319.383,319.4,319.45,319.617,319.8,320.067,320.417,,,,,,,,,,,
321.267,320,319.383,319.35,319.2,319.2,319.383,319.55,319.817,320.15,,,,,,,,,,,
320.85,319.683,319.1,318.933,318.867,318.967,319.133,319.317,319.6,319.933,,,,,,,,,,,
321.1,319.45,319.05,318.717,318.717,318.833,319.05,319.25,319.642,319.867,,,,,,,,,,,
320.892,319.7,319.117,319.017,318.733,318.933,319.133,319.3,319.583,319.9,,,,,,,,,,,
300.642,296.667,295.633,295.083,294.917,294.867,295.017,295.167,295.35,295.633,,,,,,,,,,,
321.1,320,319.133,319.15,319.1,319.2,319.383,319.5,319.833,320.167,,,,,,,,,,,
321.517,320.1,319.517,319.333,319.3,319.4,319.483,319.667,319.967,320.267,,,,,,,,,,,
321.683,320.183,319.667,319.433,319.3,319.4,319.517,319.717,319.983,320.317,,,,,,,,,,,
321.183,320.1,319.533,319.317,319.25,319.367,319.483,319.617,319.967,320.275,,,,,,,,,,,
321.225,320.05,319.4,319.233,319.267,319.35,319.533,319.717,320.058,320.317,,,,,,,,,,,
321.433,320.267,319.767,319.425,319.45,319.6,319.8,319.983,320.267,320.567,,,,,,,,,,,
321.517,320.283,319.8,319.567,319.583,319.633,319.817,319.967,320.25,320.583,,,,,,,,,,,
321.933,320.467,319.917,319.725,319.667,319.683,319.867,320.083,320.35,320.517,,,,,,,,,,,
321.767,320.633,319.917,319.75,319.75,319.817,319.883,320.083,320.4,320.717,,,,,,,,,,,
321.433,320.475,319.767,319.633,319.65,319.733,319.883,320.05,320.317,320.6,,,,,,,,,,,
321.392,320.4,319.8,319.633,319.583,319.683,319.833,320.017,320.317,320.617,,,,,,,,,,,
321.808,320.167,319.833,319.617,319.583,319.7,319.8,320.108,320.3,320.6,,,,,,,,,,,
321.642,320.25,319.517,319.533,319.433,319.45,319.583,319.767,320.05,320.333,,,,,,,,,,,
321.142,319.817,319.267,319.1,319.083,319.117,319.283,319.467,319.717,320.067,,,,,,,,,,,
321.1,319.883,319.242,319.083,318.967,319.1,319.25,319.467,319.55,320.05,,,,,,,,,,,
321.35,319.983,319.317,319.083,319.083,319.133,319.317,319.5,319.767,320.117,,,,,,,,,,,
320.933,319.717,319.333,319.067,319.067,319.15,319.317,319.533,319.833,320.1,,,,,,,,,,,
320.933,319.967,319.267,319.083,319.067,319.2,319.367,319.533,319.833,320.133,,,,,,,,,,,
320.933,319.9,319.3,319.117,319.067,319.275,319.35,319.517,319.817,320.15,,,,,,,,,,,
321.308,319.733,319.4,319.05,319.15,319.217,319.4,319.583,319.867,320.217,,,,,,,,,,,
300.558,296.683,295.583,295.05,294.9,294.917,295.05,295.183,295.4,295.7,,,,,,,,,,,
320.725,319.733,319.05,318.833,318.967,319.05,319.217,318.875,319.7,320.05,,,,,,,,,,,
320.808,319.667,319.167,318.983,318.983,319.05,319.233,319.467,319.733,320.05,,,,,,,,,,,
320.85,319.567,319.033,318.933,318.85,318.967,319.117,319.317,319.583,319.933,,,,,,,,,,,
320.475,319.367,318.95,318.85,318.783,318.85,319.033,319.258,319.533,319.867,,,,,,,,,,,
320.308,319.4,318.85,318.7,318.733,318.942,318.983,319.217,319.5,319.85,,,,,,,,,,,
320.558,319.383,318.9,318.783,318.783,318.8,318.967,319.2,319.467,319.833,,,,,,,,,,,
320.183,319.333,319.083,318.8,318.833,318.917,319.117,319.317,319.617,319.95,,,,,,,,,,,
320.808,319.533,319.117,319,318.983,318.967,319.267,319.483,319.817,320.1,,,,,,,,,,,
300.725,296.85,295.783,295.333,295.167,295.2,295.267,295.433,295.633,295.917,,,,,,,,,,,
320.892,319.9,319.35,319.2,319.217,319.317,319.467,319.583,319.933,320.267,,,,,,,,,,,
320.975,319.933,319.408,319.15,319.117,319.183,319.367,319.517,319.817,320.133,,,,,,,,,,,
320.975,319.567,319.033,318.942,318.883,318.883,319,319.233,319.533,319.833,,,,,,,,,,,
320.683,319.483,318.683,318.65,318.583,318.7,318.867,319.05,319.367,319.683,,,,,,,,,,,
320.392,319.267,318.717,318.517,318.5,318.617,318.8,319,319.4,319.617,,,,,,,,,,,
320.642,319.65,319.167,318.408,318.883,319.017,319.15,319.333,319.617,319.95,,,,,,,,,,,
320.892,319.8,319.25,319.1,319.1,319.167,319.283,319.4,319.733,320.05,,,,,,,,,,,
321.558,319.933,319.333,319.083,319.083,319.15,319.283,319.467,319.783,319.983,,,,,,,,,,,
321.267,319.967,319.3,319.083,319,319.117,319.267,319.417,319.683,319.95,,,,,,,,,,,
321.767,319.85,319.233,318.983,318.95,319,319.15,319.333,319.583,319.933,,,,,,,,,,,
321.267,319.767,319.283,319.033,318.983,319.083,319.233,319.433,319.7,320.05,,,,,,,,,,,
321.017,319.6,319.2,318.983,318.967,319.108,319.183,319.433,319.683,319.983,,,,,,,,,,,
320.433,319.483,319.033,318.917,318.9,318.967,319.117,319.333,319.617,319.917,,,,,,,,,,,
320.808,319.6,319.15,318.933,318.783,318.967,319.15,319.35,319.583,319.95,,,,,,,,,,,
320.767,319.65,319.133,318.967,318.967,319.033,319.083,319.417,319.683,320.017,,,,,,,,,,,
321.35,319.917,319.283,319.033,318.967,319.033,319.167,319.367,319.633,319.983,,,,,,,,,,,
321.142,320.067,319.2,319.083,319.017,319.117,319.233,319.317,319.683,320.067,,,,,,,,,,,
321.392,319.8,319.267,319.083,319.017,319.167,319.267,319.433,319.65,320,,,,,,,,,,,
321.142,319.867,319.167,319,318.983,318.95,319.15,319.317,319.6,319.867,,,,,,,,,,,
320.6,319.6,319.1,318.833,318.783,318.883,319.067,319.267,319.517,319.85,,,,,,,,,,,
320.933,319.483,319.033,318.783,318.65,318.8,318.95,319.183,319.433,320.142,,,,,,,,,,,
320.892,319.4,319.067,318.867,318.358,318.983,319.15,319.35,319.633,319.983,,,,,,,,,,,
320.808,319.65,319.2,319.033,319.017,319.117,319.3,319.467,319.75,320.117,,,,,,,,,,,
321.1,319.817,319.35,319.217,319.183,319.267,319.383,319.65,319.933,320.267,,,,,,,,,,,
320.975,320.033,319.25,319.183,319.167,319.283,319.467,319.65,319.95,320.283,,,,,,,,,,,
321.1,319.7,319.392,319.217,319.133,319.233,319.383,319.617,319.867,320.25,,,,,,,,,,,
321.142,319.967,319.2,319.158,319.15,319.167,319.35,319.55,319.817,320.133,,,,,,,,,,,
321.35,319.8,319.3,319.083,319.033,319.083,319.267,319.558,319.717,320.1,,,,,,,,,,,
320.85,319.75,318.642,318.95,318.983,319,319.183,319.383,319.633,320,,,,,,,,,,,
320.725,319.55,318.983,318.6,318.7,318.833,318.967,319.15,319.433,319.75,,,,,,,,,,,
320.392,319.267,318.8,318.633,318.567,318.767,318.917,319.133,319.283,319.767,,,,,,,,,,,
320.85,319.717,318.883,318.767,318.85,318.9,319.083,319.267,319.55,319.9,,,,,,,,,,,
320.558,319.567,319.05,318.85,318.933,318.983,319.133,319.35,319.617,319.917,,,,,,,,,,,
320.683,319.717,319.183,318.9,318.967,319.083,319.25,319.45,319.733,320.1,,,,,,,,,,,
320.725,319.6,319.083,318.967,319,319.192,319.283,319.5,319.8,320.117,,,,,,,,,,,
320.308,319.65,319.167,318.967,319,319.1,319.25,319.45,319.717,320.083,,,,,,,,,,,
320.517,319.467,319.067,318.867,318.9,319.05,319.2,319.417,319.7,320.05,,,,,,,,,,,
320.85,319.567,319.033,318.833,318.85,318.95,319.133,319.183,319.617,319.967,,,,,,,,,,,
320.308,319.183,318.817,318.6,318.717,318.767,318.917,319.167,319.433,319.783,,,,,,,,,,,
320.433,319.433,318.9,318.783,318.733,318.883,319.083,319.233,319.5,319.883,,,,,,,,,,,
320.725,319.642,318.983,318.783,318.783,318.9,319.05,319.25,319.517,319.85,,,,,,,,,,,
320.767,319.55,319.017,318.933,318.8,318.9,319.117,319.25,319.5,319.9,,,,,,,,,,,
320.683,319.317,318.95,318.783,318.75,318.85,319.033,319.217,319.483,319.85,,,,,,,,,,,
320.558,319.367,318.833,318.75,318.717,318.833,318.967,319.15,319.433,319.858,,,,,,,,,,,
320.558,319.55,318.917,318.733,318.192,318.683,318.867,319.033,319.317,319.633,,,,,,,,,,,
321.142,319.45,318.883,318.683,318.65,318.75,318.85,319.033,319.333,319.65,,,,,,,,,,,
320.35,319.05,318.633,318.533,318.5,318.55,318.8,319,319.25,319.025,,,,,,,,,,,
320.808,319.4,318.717,318.55,318.467,318.533,318.65,318.883,319.167,319.467,,,,,,,,,,,
320.85,319.433,318.942,318.667,318.6,318.65,318.833,319.017,319.3,319.6,,,,,,,,,,,
321.017,319.833,319.3,319.117,319.05,319.1,319.217,319.417,319.683,320,,,,,,,,,,,
321.85,319.833,319.475,319.233,319.183,319.267,319.4,319.55,319.933,320.15,,,,,,,,,,,
320.892,319.833,319.517,319.067,319.217,319.283,319.467,319.617,319.883,320.183,,,,,,,,,,,
320.6,319.8,319.35,319.15,319.1,319.267,319.4,319.6,319.883,320.2,,,,,,,,,,,
321.017,319.683,319.167,319,318.95,319.033,319.25,319.45,319.208,320.067,,,,,,,,,,,
320.767,319.733,319.167,318.967,319,319.117,319.267,319.467,319.783,320.083,,,,,,,,,,,
320.767,319.642,319.05,318.883,318.95,319,319.183,319.4,319.667,320.033,,,,,,,,,,,
320.767,319.717,319.167,319.033,319,319.15,319.3,319.5,319.817,320.117,,,,,,,,,,,
321.183,319.533,319.25,319.117,319.033,319.15,320.975,319.517,319.783,320.133,,,,,,,,,,,
321.058,319.575,319.483,319.317,319.225,319.333,319.5,319.65,319.983,320.283,,,,,,,,,,,
321.433,320.05,319.567,319.333,319.367,319.433,319.583,319.733,320.017,320.35,,,,,,,,,,,
321.933,320.233,319.617,319.433,319.417,319.533,319.075,319.733,320.067,320.383,,,,,,,,,,,
321.1,320.183,319.633,319.433,319.417,319.533,319.633,319.85,320.133,320.45,,,,,,,,,,,
321.183,319.95,319.483,319.3,319.367,319.467,319.617,319.767,320.117,320.467,,,,,,,,,,,
320.808,319.55,319.267,319.1,319.083,319.167,319.35,319.533,319.825,320.15,,,,,,,,,,,
321.017,319.633,319.15,318.983,318.95,319.05,319.2,319.4,319.683,320.033,,,,,,,,,,,
320.892,319.533,318.967,318.858,318.883,318.983,319.117,319.333,319.6,319.95,,,,,,,,,,,
320.558,319.367,318.95,318.783,318.8,318.883,319.083,319.267,319.65,319.933,,,,,,,,,,,
298.933,296.517,295.517,294.692,294.95,294.967,295.117,295.25,295.517,295.783,,,,,,,,,,,
320.808,319.583,319.25,319.133,319.083,319.217,319.383,319.6,319.883,320.233,,,,,,,,,,,
321.392,319.867,319.333,319.183,319.167,319.217,319.417,319.617,319.867,319.692,,,,,,,,,,,
320.85,319.683,319.1,318.95,318.983,319.117,319.267,319.467,319.767,320.117,,,,,,,,,,,
321.142,319.942,319.267,319.067,319.05,319.15,319.317,319.517,319.767,320.117,,,,,,,,,,,
321.892,319.767,319.283,319.2,319.117,319.2,319.383,319.55,319.817,320.183,,,,,,,,,,,
321.392,319.967,319.4,319.183,319.167,319.25,319.4,319.683,319.883,320.217,,,,,,,,,,,
321.683,319.9,318.958,319.267,319.25,319.4,319.533,319.717,319.983,320.317,,,,,,,,,,,
321.308,319.833,319.45,319.233,319.233,319.283,319.45,319.667,319.9,320.233,,,,,,,,,,,
321.767,320,319.45,319.083,319.15,319.233,319.333,319.4,319.8,320.15,,,,,,,,,,,
320.975,319.583,319.033,318.917,318.9,318.9,319.083,319.267,319.533,319.867,,,,,,,,,,,
320.808,319.633,319.017,318.867,318.883,318.883,319,319.25,319.517,319.8,,,,,,,,,,,
320.808,319.65,319.15,318.9,318.9,319.017,319.15,319.333,319.6,319.933,,,,,,,,,,,
320.1,319.5,318.983,318.817,320.433,318.883,319.017,319.25,319.483,319.833,,,,,,,,,,,
320.642,319.283,318.767,318.517,318.533,318.617,318.783,318.967,319.25,319.583,,,,,,,,,,,
300.225,296.217,295.117,294.617,294.533,294.433,294.533,294.7,294.883,295.167,,,,,,,,,,,
320.183,319.033,318.433,318.417,318.417,318.5,318.517,318.9,319.2,319.533,,,,,,,,,,,
320.892,319.25,318.767,318.6,318.6,318.7,318.867,319.067,319.35,319.683,,,,,,,,,,,
321.183,319.883,318.983,318.9,318.85,318.933,319.067,319.283,319.483,319.883,,,,,,,,,,,
321.225,320.083,319.033,318.967,318.933,319.017,319.15,319.317,319.633,319.933,,,,,,,,,,,
320.808,319.683,319.133,319.067,318.933,319,319.167,319.35,319.667,319.95,,,,,,,,,,,
320.892,319.6,319,318.9,318.833,318.983,319.1,319.333,319.583,319.917,,,,,,,,,,,
320.6,319.483,319.083,318.8,318.783,318.85,319.067,319.217,319.642,319.867,,,,,,,,,,,
320.933,319.617,319.033,318.325,318.75,318.817,319.033,319.217,319.45,319.783,,,,,,,,,,,
321.225,319.733,319.117,319.017,319.017,319.017,319.15,319.383,319.667,320.017,,,,,,,,,,,
321.725,320.15,319.65,319.3,319.233,319.25,319.467,319.633,319.933,319.708,,,,,,,,,,,
321.183,320.183,319.567,319.433,319.317,319.383,319.533,319.7,319.983,320.3,,,,,,,,,,,
321.558,320.308,319.517,319.35,319.317,319.367,319.533,319.75,319.983,320.333,,,,,,,,,,,
321.225,319.95,319.45,319.2,319.183,319.317,319.45,319.583,319.9,320.25,,,,,,,,,,,
320.808,319.683,319.117,319.033,319.083,319.15,319.433,319.567,319.833,320.183,,,,,,,,,,,
320.725,319.45,319.2,319.033,319.033,319.167,319.35,319.55,319.833,320.167,,,,,,,,,,,
320.392,319.467,319.1,318.95,318.967,319.083,319.283,319.467,319.767,320.1,,,,,,,,,,,
320.683,319.617,319.117,318.85,318.967,319.067,318.708,319.483,319.75,320.1,,,,,,,,,,,
320.808,319.617,319.183,318.983,318.917,318.967,319.15,319.35,319.633,319.967,,,,,,,,,,,
320.225,319.233,318.817,318.667,318.7,318.783,318.933,319.167,319.417,319.767,,,,,,,,,,,
320.392,319.133,318.733,318.55,318.417,318.617,318.8,319.017,319.3,319.633,,,,,,,,,,,
320.308,319.183,318.7,318.55,318.65,318.7,318.833,319.033,319.333,319.65,,,,,,,,,,,
320.142,319.117,318.717,318.533,318.533,318.683,318.817,319,319.267,319.583,,,,,,,,,,,
320.558,319.433,318.967,318.783,318.75,318.85,319.05,319.233,319.483,319.942,,,,,,,,,,,
320.6,319.3,319,318.817,318.325,318.9,319.117,319.283,319.567,319.9,,,,,,,,,,,
320.558,319.533,318.95,318.767,318.8,318.917,319.067,319.217,319.533,319.867,,,,,,,,,,,
299.6,296.45,295.433,295,294.9,294.917,294.967,295.2,295.4,295.667,,,,,,,,,,,
320.6,319.517,319.133,318.967,318.967,319.1,319.267,319.467,319.75,320.083,,,,,,,,,,,
320.933,319.567,319.1,319.017,318.9,318.95,319.133,319.308,319.6,319.95,,,,,,,,,,,
320.725,319.483,318.967,318.75,318.767,318.833,319.017,319.233,319.45,319.783,,,,,,,,,,,
320.433,319.317,318.767,318.633,318.55,318.667,318.833,319.017,319.283,319.725,,,,,,,,,,,
320.517,319.533,318.9,318.733,318.6,318.733,318.917,319.15,319.45,319.75,,,,,,,,,,,
320.308,319.4,318.875,318.7,318.717,318.817,319.017,319.183,319.5,319.8,,,,,,,,,,,
320.975,319.567,319.117,318.85,318.883,318.983,319.15,319.333,319.633,319.458,,,,,,,,,,,
320.683,319.833,319.4,319.183,319.183,319.3,319.467,319.633,319.917,320.25,,,,,,,,,,,
321.475,320.233,319.7,319.533,319.5,319.55,319.75,319.9,320.167,320.533,,,,,,,,,,,
321.475,320.233,319.733,319.55,319.583,319.7,319.817,319.95,320.25,320.6,,,,,,,,,,,
321.017,319.925,319.517,319.333,319.367,319.517,319.767,319.867,320.167,320.5,,,,,,,,,,,
321.058,319.508,319.433,319.333,319.283,319.35,319.533,319.733,320.017,320.35,,,,,,,,,,,
299.975,297.158,295.967,295.483,295.267,295.267,295.383,295.55,295.733,296.017,,,,,,,,,,,
321.183,319.933,319.567,319.25,319.383,319.467,318.075,319.833,320.117,320.433,,,,,,,,,,,
320.808,319.767,319.217,319.117,319.1,319.233,319.367,319.583,319.9,320.233,,,,,,,,,,,
320.725,319.7,319.233,319.1,319.083,319.217,319.35,319.567,319.8,320.167,,,,,,,,,,,
320.725,319.733,319.2,319,319.033,319.067,319.217,319.433,319.733,320.033,,,,,,,,,,,
320.683,319.667,319.133,318.967,319.067,319.1,319.267,319.417,319.75,320.067,,,,,,,,,,,
321.058,319.767,319.317,319.05,319.083,319.15,319.317,319.533,319.767,320.15,,,,,,,,,,,
321.142,319.95,319.367,319.15,319.167,319.183,319.4,319.55,319.817,320.183,,,,,,,,,,,
320.933,319.7,319.383,319.233,319.183,319.133,319.45,319.683,319.933,320.2,,,,,,,,,,,
321.017,319.817,319.35,319.167,319.183,319.317,319.4,319.633,319.867,320.233,,,,,,,,,,,
321.308,319.833,319.233,319.1,319.033,319.117,319.233,319.467,319.733,320.083,,,,,,,,,,,
321.017,319.683,319.25,318.933,318.95,318.983,319.083,319.367,319.583,319.95,,,,,,,,,,,
320.808,319.608,319,318.85,318.733,318.9,319.083,319.283,319.567,319.917,,,,,,,,,,,
320.558,319.533,319.033,318.9,318.883,319.083,319.183,319.383,319.683,320.017,,,,,,,,,,,
320.725,319.667,319.183,318.983,318.967,319.1,319.35,319.467,319.75,320.1,,,,,,,,,,,
320.933,319.108,319.283,319.15,319.067,319.15,319.267,319.467,319.733,320.083,,,,,,,,,,,
320.683,319.617,319.083,318.883,318.883,318.983,319.167,319.367,319.617,319.967,,,,,,,,,,,
320.975,319.45,319.05,318.867,318.95,319.033,318.692,319.417,319.7,320.05,,,,,,,,,,,
320.933,319.683,319.233,319.017,319,319.183,319.3,319.467,319.783,320.1,,,,,,,,,,,
320.392,319.533,319.1,318.95,318.933,319.1,319.267,319.467,319.733,320.1,,,,,,,,,,,
320.767,319.55,319.233,319.05,319.05,319.15,319.333,319.533,319.817,320.167,,,,,,,,,,,
320.808,319.783,319.3,319.067,319.15,319.183,319.35,319.5,319.767,320.083,,,,,,,,,,,
320.975,319.85,319.35,319.133,319.117,319.233,319.367,319.533,319.85,320.15,,,,,,,,,,,
321.267,320.117,319.533,319.333,319.3,319.417,319.517,319.7,319.983,320.392,,,,,,,,,,,
321.433,320.25,319.833,319.6,319.5,319.467,319.8,319.933,320.233,320.55,,,,,,,,,,,
321.933,320.183,319.967,319.6,319.583,319.7,319.75,319.95,320.217,320.533,,,,,,,,,,,
321.683,320.4,319.833,319.617,319.567,319.6,319.717,319.933,320.233,320.55,,,,,,,,,,,
322.183,320.45,319.883,319.633,319.617,319.633,319.817,319.967,320.25,320.583,,,,,,,,,,,
321.475,320.2,319.808,319.483,319.45,319.533,319.683,319.85,320.15,320.467,,,,,,,,,,,
321.767,319.833,319.467,319.283,319.283,319.367,319.533,319.717,320.017,320.333,,,,,,,,,,,
321.183,319.917,319.267,319.167,319.1,319.217,319.383,319.683,319.867,320.183,,,,,,,,,,,
321.225,319.8,319.083,319.067,318.967,319.05,319.267,319.467,319.75,320.05,,,,,,,,,,,
321.433,319.883,319.433,318.883,319,319.017,319.15,319.367,319.633,319.95,,,,,,,,,,,
320.808,319.6,319.083,318.917,318.883,319.05,319.2,318.725,319.667,320.033,,,,,,,,,,,
321.058,319.95,319.367,319.167,319.167,319.233,319.317,319.517,319.842,320.133,,,,,,,,,,,
321.183,320,319.483,319.333,319.25,319.35,319.517,319.683,319.967,320.267,,,,,,,,,,,
321.267,320.2,319.4,319.367,319.383,319.417,319.583,319.783,320.05,320.383,,,,,,,,,,,
321.225,320.05,319.55,319.4,319.433,319.65,319.65,319.883,320.15,320.467,,,,,,,,,,,
300.767,297.1,296.117,295.567,295.35,295.367,295.45,295.6,295.767,296.067,,,,,,,,,,,
320.975,319.8,319.3,319.067,319.117,319.167,319.333,319.5,319.817,320.133,,,,,,,,,,,
321.058,319.517,319.2,319.067,319,319.1,319.3,318.975,319.75,320.1,,,,,,,,,,,
321.017,319.867,319.283,318.933,319.017,319.15,319.267,319.467,319.733,320.083,,,,,,,,,,,
321.225,319.9,319.467,319.183,319.183,319.267,319.417,319.633,319.883,320.183,,,,,,,,,,,
321.558,320.183,319.533,319.383,319.35,319.417,319.567,319.767,320.033,320.367,,,,,,,,,,,
321.392,319.9,319.417,319.267,319.692,319.283,319.45,319.633,319.883,320.25,,,,,,,,,,,
321.267,319.95,319.333,319.15,319.1,319.2,319.317,319.517,319.833,320.117,,,,,,,,,,,
321.058,319.917,319.167,319.033,319.033,319.133,319.267,319.467,319.767,320.067,,,,,,,,,,,
321.183,319.8,319.367,319.183,319.217,319.117,319.45,319.617,319.9,320.25,,,,,,,,,,,
320.808,319.8,319.433,319.333,319.25,319.367,319.483,319.7,319.95,320.3,,,,,,,,,,,
321.683,320.15,319.6,319.433,319.45,319.483,319.6,319.85,320.1,320.417,,,,,,,,,,,
321.725,320.217,319.733,319.517,319.5,319.55,319.667,319.917,320.133,320.483,,,,,,,,,,,
321.558,320.25,319.692,319.492,319.467,319.517,319.717,319.883,320.167,320.5,,,,,,,,,,,
321.058,320.017,319.5,319.433,319.283,319.367,319.6,319.783,320.083,320.4,,,,,,,,,,,
320.892,319.95,319.45,319.35,319.3,319.383,319.583,319.75,320.15,320.367,,,,,,,,,,,
320.933,319.783,319.2,319.033,318.883,319.117,319.333,319.467,319.767,320.117,,,,,,,,,,,
320.475,319.4,318.95,318.883,318.7,318.833,319.033,319.233,319.55,319.867,,,,,,,,,,,
320.558,319.217,318.8,318.7,318.65,318.733,318.967,319.167,319.45,319.667,,,,,,,,,,,
300.558,296.667,295.4,294.817,294.783,294.8,294.933,295.033,295.283,295.55,,,,,,,,,,,
320.267,319.25,318.9,318.667,318.683,318.833,318.983,319.183,319.467,319.817,,,,,,,,,,,
320.808,319.533,319,318.867,318.833,318.917,319.083,319.217,319.517,319.9,,,,,,,,,,,
320.517,319.317,318.85,318.733,318.65,318.767,318.933,319.225,319.433,319.75,,,,,,,,,,,
320.767,319.367,318.583,318.65,318.617,318.717,318.883,319.083,319.367,319.733,,,,,,,,,,,
320.308,318.933,318.55,318.417,318.45,318.55,318.75,318.95,319.233,319.583,,,,,,,,,,,
320.35,319.083,318.667,318.567,318.583,318.683,318.883,318.983,319.45,319.733,,,,,,,,,,,
320.85,319.6,318.867,318.833,318.717,318.75,318.967,319.2,319.467,319.8,,,,,,,,,,,
320.767,319.3,318.817,318.65,318.65,318.733,318.8,319.033,319.317,319.65,,,,,,,,,,,
320.6,319.383,318.95,318.6,318.617,318.733,318.883,319.1,319.383,319.717,,,,,,,,,,,
320.683,319.233,318.767,318.55,318.692,318.733,318.85,319.067,319.333,319.683,,,,,,,,,,,
320.308,319.3,318.817,318.6,318.683,318.767,318.933,319.133,319.433,319.767,,,,,,,,,,,
320.142,319.017,318.683,318.517,318.567,318.65,318.85,319.05,319.35,319.767,,,,,,,,,,,
320.517,319.35,318.833,318.667,318.667,318.55,318.933,319.083,319.383,319.7,,,,,,,,,,,
320.517,319.233,318.567,318.5,318.5,318.633,318.817,319,319.283,319.617,,,,,,,,,,,
320.267,319.2,318.817,318.567,318.583,318.65,318.767,319,319.317,319.633,,,,,,,,,,,
320.433,319.183,318.667,318.517,318.5,318.633,318.8,319,319.3,319.617,,,,,,,,,,,
320.433,319.25,318.933,318.65,318.55,318.717,318.9,319.083,319.383,319.733,,,,,,,,,,,
320.517,319.45,318.917,318.767,318.817,318.95,319.083,319.317,319.6,319.933,,,,,,,,,,,
320.808,319.667,319.133,319.067,319.067,319.167,319.317,319.567,319.817,320.133,,,,,,,,,,,
321.058,319.683,319.267,318.95,319.167,319.267,319.417,319.65,319.883,320.183,,,,,,,,,,,
320.975,319.683,319.183,319.067,319.067,319.183,319.283,319.483,319.75,320.1,,,,,,,,,,,
321.017,319.583,319.067,318.85,318.867,318.983,319.167,319.367,319.5,319.983,,,,,,,,,,,
321.058,319.783,319.167,318.967,319.058,319.133,319.317,319.567,319.817,320.15,,,,,,,,,,,
321.308,319.9,319.3,319.2,319.167,319.25,319.433,319.583,319.833,320.167,,,,,,,,,,,
321.6,319.967,319.483,319.3,319.267,319.333,319.5,319.683,319.95,320.283,,,,,,,,,,,
321.558,320.6,319.7,319.467,319.4,319.608,319.633,319.817,320.1,320.4,,,,,,,,,,,
321.308,320.417,319.883,319.633,319.567,319.65,319.783,319.933,320.183,320.533,,,,,,,,,,,
321.725,320.433,319.95,319.783,319.733,319.8,319.933,320.133,320.383,320.717,,,,,,,,,,,
321.517,320.45,319.833,319.7,319.717,319.308,319.95,320.133,320.4,320.75,,,,,,,,,,,
321.267,320.233,319.617,319.5,319.517,319.6,319.7,319.917,320.183,320.533,,,,,,,,,,,
321.225,320.167,319.633,319.5,319.467,319.6,319.733,319.8,320.183,320.517,,,,,,,,,,,
321.267,320.2,319.633,319.317,319.383,319.5,319.667,319.85,320.133,320.467,,,,,,,,,,,
321.058,320.083,319.583,319.525,319.417,319.5,319.633,319.817,320.1,320.417,,,,,,,,,,,
321.142,320.15,319.733,319.433,319.45,319.567,319.7,319.9,320.183,320.517,,,,,,,,,,,
321.558,320.383,319.517,319.467,319.433,319.567,319.733,319.917,320.183,320.65,,,,,,,,,,,
320.85,319.867,319.433,319.317,319.217,319.45,319.583,319.8,320.083,320.433,,,,,,,,,,,
320.892,319.833,319.233,319.167,319.183,319.367,319.483,319.683,319.967,320.317,,,,,,,,,,,
320.517,319.833,319.3,319.133,319.15,319.25,319.417,319.667,319.142,320.267,,,,,,,,,,,
320.6,319.617,319.117,318.95,318.967,319.017,319.183,319.4,319.7,320.033,,,,,,,,,,,
320.85,319.808,319.183,318.933,318.867,319.067,319.2,319.417,319.717,320.05,,,,,,,,,,,
320.808,319.783,319.3,319.183,319.133,319.2,319.383,319.6,319.867,320.233,,,,,,,,,,,
321.475,320.217,319.317,319.233,319.15,319.233,320.192,319.55,319.833,320.15,,,,,,,,,,,
320.975,320.05,319.217,319.167,319.067,319.183,319.317,319.5,319.767,320.033,,,,,,,,,,,
321.558,319.75,319.267,319,318.9,318.95,319.05,319.25,319.517,319.833,,,,,,,,,,,
321.392,319.933,319.333,319.133,319.067,319.15,319.3,317.633,319.767,320.15,,,,,,,,,,,
321.35,319.95,319.417,319.217,319.067,319.083,319.3,319.5,319.767,320.083,,,,,,,,,,,
321.142,319.95,319.383,319.117,319.083,319.167,319.317,319.483,319.767,320.067,,,,,,,,,,,
320.683,319.575,319.133,318.883,318.867,319.017,319.167,319.35,319.633,319.95,,,,,,,,,,,
320.725,319.517,319.05,318.8,318.817,319.017,319.067,319.25,319.517,319.883,,,,,,,,,,,
320.308,319.517,319.017,318.817,318.867,318.933,319.083,319.267,319.55,319.9,,,,,,,,,,,
320.183,319.417,318.983,318.783,318.833,318.933,319.1,319.3,319.633,319.933,,,,,,,,,,,
320.975,319.75,319.133,319.083,319.033,317.092,319.367,319.517,319.817,320.15,,,,,,,,,,,
320.725,319.633,319.167,318.867,318.917,319.033,319.233,319.4,319.717,320.05,,,,,,,,,,,
301.142,296.817,295.7,295.25,295,295.017,295.117,295.2,295.467,295.767,,,,,,,,,,,
320.808,319.6,319.1,318.9,318.9,319.033,319.15,319.383,319.65,320.017,,,,,,,,,,,
320.767,319.667,319.217,318.933,318.917,319.108,319.15,319.333,319.633,319.95,,,,,,,,,,,
320.267,319.567,319.017,318.933,318.933,319.033,319.217,319.4,319.7,320.033,,,,,,,,,,,
320.433,319.45,319.067,318.783,318.833,318.867,319.033,319.2,319.5,319.85,,,,,,,,,,,
320.058,319.067,318.583,318.567,318.567,318.125,318.867,319.05,319.367,319.7,,,,,,,,,,,
320.433,319.083,318.633,318.533,318.5,318.633,318.833,319.017,319.317,319.65,,,,,,,,,,,
320.517,319.183,318.65,318.5,318.517,318.6,318.783,318.933,319.283,319.633,,,,,,,,,,,
320.183,319.333,318.567,318.6,318.65,318.733,318.967,319.15,319.45,319.783,,,,,,,,,,,
320.767,319.45,319,318.9,318.783,318.9,319.067,319.283,319.55,319.9,,,,,,,,,,,
320.642,319.667,318.967,318.892,318.883,318.95,319.133,319.3,319.6,319.983,,,,,,,,,,,
320.683,319.6,319.25,319.017,319.15,319.05,319.233,319.467,319.817,320.083,,,,,,,,,,,
321.225,320.2,319.45,319.3,319.2,319.317,319.55,319.733,319.967,320.317,,,,,,,,,,,
320.975,320.083,319.55,319.383,319.3,319.433,319.6,319.783,320.067,320.383,,,,,,,,,,,
321.058,320.017,319.45,319.3,319.317,319.317,319.567,319.733,320.05,320.2,,,,,,,,,,,
321.517,320.133,319.483,319.267,319.25,319.35,319.5,319.683,319.95,320.283,,,,,,,,,,,
320.725,319.767,319.167,318.95,319,319.083,319.267,319.467,319.75,320.1,,,,,,,,,,,
321.267,319.717,319.267,319.033,319.05,319.117,319.267,319.417,319.7,320.067,,,,,,,,,,,
320.933,319.733,319.183,318.95,318.917,319.033,319.183,319.442,319.65,319.967,,,,,,,,,,,
320.517,319.3,318.408,318.867,318.867,318.967,319.133,319.35,319.633,319.983,,,,,,,,,,,
320.808,319.6,319,318.867,318.917,318.967,319.15,319.383,319.633,319.983,,,,,,,,,,,
320.433,319.283,318.967,318.8,318.717,318.917,319.05,318.725,319.55,319.9,,,,,,,,,,,
320.85,319.533,319.1,318.867,318.883,318.983,319.1,319.267,319.583,319.95,,,,,,,,,,,
320.642,319.467,319.033,318.867,318.867,318.95,319.133,319.333,319.6,319.883,,,,,,,,,,,
320.725,319.6,319.1,318.933,318.9,319.017,319.2,319.383,319.667,320.033,,,,,,,,,,,
299.267,296.9,295.8,295.25,295.05,295.117,295.267,295.333,295.55,295.817,,,,,,,,,,,
321.058,319.65,319.433,319.3,319.1,319.267,319.45,319.617,319.917,320.25,,,,,,,,,,,
320.517,319.6,319.25,318.933,318.967,319.083,319.267,319.45,319.733,320.1,,,,,,,,,,,
300.558,296.533,295.567,294.983,294.833,294.8,294.917,294.967,295.267,295.583,,,,,,,,,,,
321.183,319.45,318.9,318.733,318.733,318.9,319,319.233,319.517,319.85,,,,,,,,,,,
320.725,319.517,318.967,318.817,318.867,318.917,319.033,319.2,319.533,319.867,,,,,,,,,,,
321.267,319.633,319.183,319.067,319,319.117,319.25,319.467,319.75,320.067,,,,,,,,,,,
321.183,320.033,319.483,319.217,319.167,319.35,319.433,319.6,319.917,320.233,,,,,,,,,,,
321.183,319.8,319.317,319.133,319.117,319.25,319.417,319.6,319.883,320.233,,,,,,,,,,,
320.933,319.583,319.2,318.983,319.083,319.133,319.3,319.533,319.8,320.15,,,,,,,,,,,
320.683,319.533,319.183,319.05,319.05,319,319.35,319.55,319.817,320.183,,,,,,,,,,,
321.058,320.167,319.167,319.167,319.2,319.3,319.483,319.683,319.95,320.317,,,,,,,,,,,
320.933,319.95,319.383,319.233,319.233,319.35,319.45,319.667,319.967,320.267,,,,,,,,,,,
321.35,320.183,319.6,319.3,319.35,319.517,319.633,319.833,320.1,320.433,,,,,,,,,,,
321.142,320.15,319.808,319.45,319.45,319.583,319.733,319.933,320.2,320.55,,,,,,,,,,,
321.267,320.083,319.65,319.55,319.483,319.55,319.742,319.917,320.183,320.533,,,,,,,,,,,
321.35,320.017,319.5,319.4,319.333,319.383,319.55,319.858,320.033,320.417,,,,,,,,,,,
320.933,319.817,318.292,319.05,319.033,319.083,319.267,319.4,319.683,320.017,,,,,,,,,,,
320.517,319.25,318.7,318.5,318.483,318.55,318.717,318.9,319.167,319.517,,,,,,,,,,,
319.767,318.817,318.367,318.217,318.133,318.317,318.517,318.7,318.508,319.367,,,,,,,,,,,
320.017,318.833,318.4,318.217,318.233,318.4,318.533,318.733,319.033,319.367,,,,,,,,,,,
320.1,318.983,318.583,318.35,318.35,318.5,318.65,318.85,319.133,319.483,,,,,,,,,,,
320.267,319.067,318.55,318.417,318.383,318.517,318.75,318.9,319.2,319.517,,,,,,,,,,,
320.683,319.367,318.95,318.683,318.75,318.833,319.1,319.183,319.467,319.8,,,,,,,,,,,
320.6,319.125,319.133,319.017,318.917,319,319.15,319.333,319.633,319.917,,,,,,,,,,,
320.85,319.767,319.2,319.117,319.083,319.117,319.283,319.517,319.75,320.1,,,,,,,,,,,
320.892,319.85,319.467,319.1,319.217,319.283,319.417,319.483,319.917,320.25,,,,,,,,,,,
320.975,319.933,319.4,319.267,319.25,319.417,319.517,319.733,319.983,320.333,,,,,,,,,,,
321.017,320.117,319.533,319.333,319.333,319.417,319.6,319.783,320.05,320.433,,,,,,,,,,,
299.642,297.15,296.033,295.6,295.467,295.467,295.533,295.683,295.917,296.167,,,,,,,,,,,
321.808,320.4,319.8,319.617,319.55,319.733,319.767,319.933,320.233,320.55,,,,,,,,,,,
320.892,320.083,319.65,319.5,319.433,319.533,319.7,319.867,320.15,320.467,,,,,,,,,,,
321.517,320.317,319.683,319.4,319.417,319.5,319.617,319.833,320.083,320.4,,,,,,,,,,,
320.975,320.1,319.333,319.275,319.2,319.3,318.975,319.65,319.95,320.283,,,,,,,,,,,
320.975,319.733,319.283,319.017,319.017,319.133,319.267,319.483,319.767,320.083,,,,,,,,,,,
320.725,319.583,319.05,318.95,318.967,319.083,319.233,319.367,319.667,320.05,,,,,,,,,,,
321.1,319.9,319.35,319.167,319.15,319.25,319.4,319.617,319.883,320.2,,,,,,,,,,,
299.85,297.317,295.967,295.517,295.267,295.35,295.267,295.483,295.65,295.95,,,,,,,,,,,
321.683,319.983,319.467,319.267,319.25,319.35,319.517,319.733,320,320.35,,,,,,,,,,,
320.767,319.917,319.483,319.333,319.317,319.45,319.617,319.8,320.083,320.417,,,,,,,,,,,
321.267,320.083,319.633,319.483,319.383,318.908,319.633,319.833,320.1,320.433,,,,,,,,,,,
321.392,319.9,319.417,319.267,319.3,319.4,319.567,319.767,320.05,320.4,,,,,,,,,,,
321.1,320.033,319.2,319.25,319.15,319.267,319.467,319.6,319.917,320.267,,,,,,,,,,,
321.225,319.817,318.95,318.833,318.8,318.933,319.05,319.25,319.533,319.867,,,,,,,,,,,
320.892,319.45,318.883,318.775,318.7,318.733,318.917,319.133,319.4,319.733,,,,,,,,,,,
320.808,319.517,318.933,318.683,318.683,318.767,318.917,319.117,319.417,319.75,,,,,,,,,,,
320.683,319.3,318.8,318.683,318.6,318.7,318.817,319.033,319.392,319.667,,,,,,,,,,,
320.683,319.45,318.883,318.175,318.633,318.717,318.9,319.067,319.333,319.7,,,,,,,,,,,
321.1,319.517,319.083,318.733,318.717,318.783,318.917,319.117,319.417,319.75,,,,,,,,,,,
320.683,319.583,319.033,318.733,318.85,318.85,319.167,319.3,319.042,319.917,,,,,,,,,,,
320.725,319.55,319.1,318.95,319.017,319.083,319.25,319.483,319.75,320.117,,,,,,,,,,,
321.058,319.717,319.333,319.117,319.067,319.183,319.333,319.517,319.8,320.15,,,,,,,,,,,
320.517,319.6,319.15,319.017,319,319.05,319.25,319.467,319.767,320.117,,,,,,,,,,,
320.85,319.65,319.167,319.067,318.967,319.067,319.4,319.4,319.7,320.067,,,,,,,,,,,
320.517,319.517,318.708,318.95,319,319.083,319.25,319.45,319.75,320.067,,,,,,,,,,,
321.142,319.533,319.167,318.95,318.967,319.067,319.267,319.408,319.683,320,,,,,,,,,,,
320.892,319.317,319,318.883,318.867,318.867,319.133,319.3,319.058,319.967,,,,,,,,,,,
320.975,319.45,319,318.783,318.833,318.9,319.067,319.283,319.55,319.867,,,,,,,,,,,
320.6,319.217,318.767,318.667,318.683,318.733,318.833,319.083,319.383,319.717,,,,,,,,,,,
320.558,319.383,318.933,318.667,318.633,318.75,318.933,319.1,319.417,319.733,,,,,,,,,,,
321.058,319.683,319.2,318.967,318.95,319.183,319.217,319.45,319.7,320.033,,,,,,,,,,,
300.392,297.133,295.967,295.417,295.15,295.067,295.233,295.317,295.517,295.8,,,,,,,,,,,
320.767,319.95,319.367,319.183,319.167,319.233,319.4,319.55,319.833,320.15,,,,,,,,,,,
320.933,319.85,319.417,319.133,319.183,319.283,319.433,319.075,319.833,320.183,,,,,,,,,,,
321.267,319.767,319.283,319.017,319.033,319.083,319.167,319.4,319.683,320.017,,,,,,,,,,,
320.975,319.717,319.117,318.933,318.95,319.017,319.183,319.383,319.6,319.983,,,,,,,,,,,
320.808,319.467,319.017,318.667,318.683,318.817,318.95,319.133,319.417,319.733,,,,,,,,,,,
320.183,319.233,318.75,318.617,318.775,318.717,318.95,319.1,319.383,319.733,,,,,,,,,,,
320.642,319.033,318.717,318.617,318.65,318.783,318.933,319.133,319.417,319.767,,,,,,,,,,,
320.267,319.1,318.7,318.583,318.65,318.717,318.9,319.133,319.4,319.892,,,,,,,,,,,
320.267,319.317,318.95,318.733,317.767,318.933,319.05,319.267,319.55,319.883,,,,,,,,,,,
320.85,319.6,319,318.883,318.85,318.883,319,319.217,319.5,319.867,,,,,,,,,,,
320.975,319.633,319.233,319.033,319.067,319.1,319.183,319.467,319.7,320.05,,,,,,,,,,,
321.225,319.967,319.4,319.15,319.167,319.133,319.283,319.5,319.767,320.133,,,,,,,,,,,
321.35,320.483,319.383,319.233,319.2,319.25,319.433,319.65,319.867,320.217,,,,,,,,,,,
321.142,319.917,319.417,319.183,319.167,319.283,319.45,319.617,319.917,320.25,,,,,,,,,,,
320.892,319.55,319.217,319.017,319.017,319.183,319.317,319.6,319.817,320.15,,,,,,,,,,,
321.017,319.583,319.133,318.617,318.783,318.85,319.017,319.233,319.483,319.833,,,,,,,,,,,
320.975,319.35,318.767,318.5,318.5,318.6,318.75,318.95,319.217,319.517,,,,,,,,,,,
320.767,319.433,318.8,318.7,318.467,318.667,318.867,319.05,318.958,319.667,,,,,,,,,,,
320.6,319.433,319.05,318.883,318.817,318.933,319.133,319.3,319.583,319.917,,,,,,,,,,,
320.767,319.817,319.367,319.133,319.15,319.25,319.383,319.517,319.867,320.217,,,,,,,,,,,
320.933,319.8,319.25,319.15,319,319.117,319.3,319.483,319.767,320.1,,,,,,,,,,,
321.1,319.517,319.117,318.933,319,320.392,319.25,319.467,319.717,320.083,,,,,,,,,,,
321.1,319.367,319.117,319.05,319.05,319.15,319.3,319.517,319.767,320.1,,,,,,,,,,,
321.058,319.45,319.067,318.9,318.917,319.017,319.2,319.383,319.683,320.05,,,,,,,,,,,
321.225,319.567,319.067,318.833,318.783,318.883,319.05,318.742,319.533,319.867,,,,,,,,,,,
320.933,319.5,318.967,318.867,318.883,318.983,319.217,319.367,319.65,320,,,,,,,,,,,
320.767,319.567,319.067,318.833,318.767,318.933,319.067,319.267,319.567,319.833,,,,,,,,,,,
321.183,319.883,319.283,319.117,319.133,319.15,319.333,319.517,319.8,320.1,,,,,,,,,,,
320.767,319.683,319.183,319.033,319.183,319.183,319.317,319.45,319.783,320.133,,,,,,,,,,,
321.183,319.783,319.183,318.95,319,319.067,319.217,319.417,319.7,320.05,,,,,,,,,,,
320.808,319.583,319.167,318.983,318.95,319.017,319.2,319.367,319.65,320.108,,,,,,,,,,,
321.267,319.817,319.25,319.067,319,318.933,319.217,319.417,319.667,319.983,,,,,,,,,,,
320.892,319.833,319.183,319,319.067,319.183,319.317,319.533,319.833,320.15,,,,,,,,,,,
321.058,319.767,319.317,319.25,319.167,319.267,319.383,319.65,319.917,320.233,,,,,,,,,,,
300.85,296.667,295.667,295.25,295.133,295.15,295.25,295.383,295.633,295.9,,,,,,,,,,,
299.933,296.85,295.767,295.317,295.225,295.15,295.233,295.4,295.617,295.9,,,,,,,,,,,
321.1,319.783,319.35,319,319.1,319.183,319.367,319.55,319.833,320.2,,,,,,,,,,,
320.517,319.5,318.933,318.833,318.783,318.933,319.05,319.25,319.567,319.983,,,,,,,,,,,
320.308,319.15,318.683,318.367,317.992,318.6,318.783,318.983,319.267,319.633,,,,,,,,,,,
320.433,319.217,318.883,318.6,318.633,318.717,318.867,319.083,319.35,319.683,,,,,,,,,,,
320.975,319.567,319.017,318.933,318.833,318.883,319.067,319.317,319.617,319.817,,,,,,,,,,,
320.85,319.4,319.067,318.883,318.95,319.033,319.217,319.417,319.733,320.033,,,,,,,,,,,
320.642,319.858,319.117,319.033,319.05,319.083,319.25,319.433,319.733,320.067,,,,,,,,,,,
320.933,319.633,319.217,319.1,319.033,319.083,319.283,319.5,319.767,320.117,,,,,,,,,,,
320.933,319.95,319.25,319.05,319.083,319.2,319.4,319.517,319.817,320.15,,,,,,,,,,,
321.433,320,319.283,319.25,319.133,319.2,319.417,319.567,319.867,320.2,,,,,,,,,,,
321.225,319.867,319.433,319.2,319.217,319.283,319.467,319.7,319.95,320.283,,,,,,,,,,,
321.142,319.917,319.4,319.233,319.15,319.333,319.517,319.142,320,320.333,,,,,,,,,,,
301.517,297.017,295.933,295.517,295.333,295.283,295.383,295.583,295.733,295.967,,,,,,,,,,,
321.1,319.633,319.35,319.233,319.2,319.333,319.5,319.7,320,320.317,,,,,,,,,,,
321.183,320.2,319.683,319.4,319.35,319.317,319.5,319.7,319.983,320.333,,,,,,,,,,,
321.1,319.933,319.483,319.342,319.3,319.4,319.683,319.75,320.033,320.367,,,,,,,,,,,
321.767,319.692,319.583,319.433,319.417,319.467,319.667,319.8,320.1,320.433,,,,,,,,,,,
321.1,320,319.45,319.233,319.2,319.3,319.383,319.583,319.883,320.217,,,,,,,,,,,
320.892,319.75,319.233,319.017,319.05,319.117,319.3,319.35,319.783,320.117,,,,,,,,,,,
321.017,319.9,319.317,319.15,319.083,319.2,319.333,319.533,319.8,320.15,,,,,,,,,,,
321.475,319.983,319.533,319.4,319.333,319.35,319.533,319.767,320.05,320.317,,,,,,,,,,,
321.6,320.133,319.733,319.583,319.533,319.6,319.767,319.983,320.233,320.583,,,,,,,,,,,
321.767,320.3,319.783,319.6,319.642,319.683,319.833,320,320.317,320.617,,,,,,,,,,,
321.558,320.417,319.75,319.633,319.533,319.683,319.8,319.967,320.283,320.583,,,,,,,,,,,
321.433,320.133,319.65,319.45,319.333,319.5,319.667,319.85,320.167,320.683,,,,,,,,,,,
321.35,319.767,319.4,319.217,319.317,319.167,319.483,319.7,319.967,320.333,,,,,,,,,,,
320.725,319.517,319.183,318.917,318.867,319.033,319.2,319.383,319.667,320.017,,,,,,,,,,,
320.392,319.3,318.75,318.683,318.617,318.783,318.875,319.117,319.467,319.75,,,,,,,,,,,
320.85,319.5,318.8,318.683,318.6,318.667,318.85,319.033,319.3,319.65,,,,,,,,,,,
320.267,319.233,318.775,318.517,318.583,318.617,318.8,319.017,319.283,319.667,,,,,,,,,,,
320.892,319.45,318.917,318.783,318.783,318.833,319,319.2,319.467,319.817,,,,,,,,,,,
320.558,319.583,319.167,318.85,318.883,318.95,319.083,319.283,319.683,319.883,,,,,,,,,,,
321.35,319.9,318.825,319.183,319.067,319.117,319.267,319.45,319.75,320.067,,,,,,,,,,,
321.142,319.95,319.35,319.1,319.083,319.15,319.317,319.517,319.783,320.117,,,,,,,,,,,
321.308,320.233,319.683,319.383,319.3,319.433,319.55,319.75,319.9,320.35,,,,,,,,,,,
321.808,320.217,319.667,319.483,319.433,319.517,319.7,319.883,320.1,320.417,,,,,,,,,,,
321.517,320.15,319.733,319.567,319.533,319.667,319.767,319.967,320.25,320.533,,,,,,,,,,,
321.6,320.517,319.983,319.683,319.633,319.717,319.867,320.05,320.317,320.65,,,,,,,,,,,
321.308,320.683,319.833,319.633,319.667,319.85,319.917,320.117,320.35,320.667,,,,,,,,,,,
320.933,320.15,319.667,319.45,319.55,319.6,319.75,319.967,320.217,320.583,,,,,,,,,,,
321.267,320.1,319.5,319.283,319.217,319.317,319.483,319.65,319.933,320.25,,,,,,,,,,,
320.642,319.867,319.283,319.067,319.05,319.117,318.825,319.467,319.767,320.083,,,,,,,,,,,
321.475,319.983,319.333,319.05,319.083,319.15,319.267,319.533,319.767,320.117,,,,,,,,,,,
321.183,319.933,319.4,319.15,319.133,319.217,319.367,319.567,319.783,320.183,,,,,,,,,,,
320.933,319.817,319.3,319.083,319.183,319.217,319.383,319.6,319.85,320.183,,,,,,,,,,,
320.933,319.8,319.333,319.233,319.117,319.25,319.417,319.6,319.867,320.233,,,,,,,,,,,
321.058,319.95,319.4,319.217,319.2,319.3,319.483,319.683,319.95,320.283,,,,,,,,,,,
321.225,320,319.533,319.117,319.167,319.3,319.467,319.65,320.35,320.283,,,,,,,,,,,
321.392,320.05,319.5,319.333,319.133,319.383,319.5,319.65,319.9,320.25,,,,,,,,,,,
320.975,319.7,319.2,319.067,319.067,319.117,319.267,319.483,319.733,320.1,,,,,,,,,,,
321.142,319.567,319.333,319.05,319.033,319.117,319.25,319.45,319.733,319.558,,,,,,,,,,,
321.017,319.833,319.383,319.233,319.083,319.167,319.367,319.533,319.833,320.167,,,,,,,,,,,
320.892,319.775,319.267,319.117,319.15,319.25,319.383,319.567,319.85,320.217,,,,,,,,,,,
320.892,319.783,319.3,319.133,319.133,319.25,319.417,319.6,319.9,320.217,,,,,,,,,,,
321.1,319.617,319.283,319.083,319.1,319.217,320.733,319.55,319.825,320.167,,,,,,,,,,,
320.808,319.833,319.15,319.083,319.05,319.133,319.3,319.5,319.783,320.083,,,,,,,,,,,
320.6,319.3,318.933,318.767,318.85,318.85,319.067,319.233,319.517,319.867,,,,,,,,,,,
320.642,319.35,318.783,318.7,318.65,318.7,318.8,318.575,319.367,319.7,,,,,,,,,,,
320.475,319.233,318.683,318.517,318.467,318.533,318.717,318.917,319.2,319.55,,,,,,,,,,,
320.475,319.183,318.683,318.5,318.5,318.567,318.767,318.983,319.25,319.517,,,,,,,,,,,
320.683,319.383,318.85,318.733,318.8,318.8,318.933,319.2,319.467,319.867,,,,,,,,,,,
321.1,319.633,319.117,318.95,318.9,319.142,319.183,319.4,319.667,320,,,,,,,,,,,
321.267,320,319.483,319.167,319.15,319.167,319.333,319.483,319.725,320.067,,,,,,,,,,,
320.642,319.6,319.05,318.883,318.85,318.933,319.117,319.283,319.583,319.883,,,,,,,,,,,
320.517,319.383,318.85,318.75,318.767,318.325,319.033,319.217,319.517,319.85,,,,,,,,,,,
320.1,319.183,318.833,318.633,318.667,318.783,318.967,319.217,319.467,319.783,,,,,,,,,,,
320.267,319.333,318.95,318.733,318.817,318.883,319.05,319.2,319.567,319.883,,,,,,,,,,,
320.558,319.55,319.083,318.967,318.917,319.033,319.217,319.45,319.683,320.033,,,,,,,,,,,
321.1,319.8,319.267,319.05,319.083,319.117,319.3,319.5,319.767,320.117,,,,,,,,,,,
321.475,320.267,319.467,319.317,319.317,319.333,319.517,319.683,319.983,320.283,,,,,,,,,,,
321.1,319.95,319.45,319.333,319.35,319.467,319.65,319.833,320.225,320.45,,,,,,,,,,,
321.433,320.067,319.6,319.267,319.433,319.55,319.7,319.867,320.133,320.467,,,,,,,,,,,
321.225,319.917,319.5,319.35,319.333,319.45,319.583,319.783,320.067,320.4,,,,,,,,,,,
320.975,320,319.6,319.3,319.283,319.383,319.617,319.8,319.558,320.417,,,,,,,,,,,
321.267,320.067,319.5,319.317,319.317,319.4,319.5,319.7,319.95,320.3,,,,,,,,,,,
321.058,319.9,319.283,319.067,319.033,319.15,319.267,319.5,319.767,320.083,,,,,,,,,,,
321.1,319.683,319.225,319.017,319.033,319.133,319.25,319.45,319.717,320.067,,,,,,,,,,,
321.1,319.883,319.383,319.1,319.1,319.133,319.392,319.5,319.733,320.083,,,,,,,,,,,
320.975,318.092,319.317,319.167,319.067,319.183,319.283,319.5,319.733,320.083,,,,,,,,,,,
320.975,319.817,318.983,319,318.983,319.067,319.217,319.4,319.683,320.017,,,,,,,,,,,
321.225,320.183,319.583,319.333,319.267,319.35,319.55,319.533,319.95,320.267,,,,,,,,,,,
321.892,320.35,319.8,319.667,319.6,319.533,319.717,319.933,320.183,320.533,,,,,,,,,,,
322.058,320.733,320,319.8,319.75,319.8,319.95,320.1,320.35,320.717,,,,,,,,,,,
321.642,320.483,319.95,319.717,319.667,319.717,319.867,320.05,320.317,320.667,,,,,,,,,,,
321.225,320.15,319.633,319.417,319.383,319.558,319.633,319.783,320.067,320.4,,,,,,,,,,,
321.058,319.833,319.267,319.15,318.983,319.067,319.275,319.467,319.767,320.083,,,,,,,,,,,
320.475,319.4,318.95,318.783,318.767,318.917,319.067,319.25,319.567,319.883,,,,,,,,,,,
320.35,319.483,318.7,318.733,318.817,318.392,319.1,319.317,319.6,319.95,,,,,,,,,,,
320.558,319.717,319.133,318.983,318.983,319.1,319.267,319.433,319.767,320.083,,,,,,,,,,,
320.892,319.783,319.183,319.067,319.1,319.217,319.383,319.517,319.867,320.217,,,,,,,,,,,
320.808,319.617,319.183,319.067,319.083,319.167,319.333,319.533,319.833,320.167,,,,,,,,,,,
320.433,319.483,319.475,318.933,318.95,319.083,319.25,319.433,319.717,320.067,,,,,,,,,,,
320.225,319.333,318.817,318.717,318.733,318.85,319.017,319.25,319.517,319.85,,,,,,,,,,,
320.975,319.083,318.683,318.55,318.583,318.683,318.883,319.1,319.483,319.717,,,,,,,,,,,
320.475,319.117,318.192,318.55,320.9,318.733,318.833,319.033,319.333,319.7,,,,,,,,,,,
320.392,319.1,318.633,318.55,318.55,318.683,318.85,319.05,319.267,319.667,,,,,,,,,,,
320.767,319.483,318.9,318.733,318.667,318.817,318.967,319.167,319.3,319.8,,,,,,,,,,,
320.642,319.533,319.033,318.85,318.883,318.917,319.1,319.3,319.583,319.9,,,,,,,,,,,
321.058,319.6,319.15,319.017,319,319.083,319.233,319.45,319.7,320,,,,,,,,,,,
321.308,319.817,319.283,319.117,319.05,319.083,319.217,319.433,319.7,320.05,,,,,,,,,,,
320.683,319.883,319.35,319.15,319.133,319.2,319.475,319.567,319.85,320.183,,,,,,,,,,,
320.308,320.25,319.683,319.417,319.333,319.433,319.533,319.717,319.983,320.333,,,,,,,,,,,
321.517,320.167,319.633,319.317,319.317,319.367,319.467,319.717,319.967,320.267,,,,,,,,,,,
321.6,320.333,319.55,319.45,319.333,319.433,319.383,319.717,319.983,320.283,,,,,,,,,,,
321.808,320.167,319.55,319.3,319.3,319.367,319.483,319.7,319.95,320.283,,,,,,,,,,,
321.642,319.75,319.383,319.167,319.15,319.267,319.383,319.55,319.867,320.183,,,,,,,,,,,
321.6,320.15,319.6,319.35,319.3,319.4,319.5,319.7,319.967,320.267,,,,,,,,,,,
321.392,320.017,319.45,319.267,319.15,319.233,319.35,319.517,319.833,320.133,,,,,,,,,,,
320.975,320.033,319.417,319.217,319.183,319.233,319.433,319.583,319.883,320.2,,,,,,,,,,,
321.058,319.9,319.35,319.1,319.033,319.15,319.3,319.5,319.892,320.133,,,,,,,,,,,
320.392,319.35,318.883,318.242,318.75,318.875,319,319.217,319.483,319.833,,,,,,,,,,,
320.392,319.2,318.75,318.667,318.617,318.617,318.817,319.067,319.317,319.667,,,,,,,,,,,
